Date,Close,High,Low,Open,Volume,Year,Month,Day,Daily_Return,Price_Change,Days,PolyTrend,LoessTrend,Close_Diff
2019-05-15,-0.20968514926411821,-0.22173532808588226,-0.3101451264122628,-0.33351294137351595,1.1235681458873907,2019,5,15,1.0154150193589173,1.829364234561749,0,-0.8035350510339265,-0.17481883927141514,
2019-05-16,-0.10016341675039919,-0.08344596410360396,-0.1616728653397942,-0.19878876056956668,1.2962463185643556,2019,5,16,1.2699167179888242,1.454007240935438,1,-0.8010067139016528,-0.17109212234835405,0.10952173251371902
2019-05-17,-0.16997556242021652,-0.13229131173799125,-0.16038177207895934,-0.16686360847116297,-0.22596614499943937,2019,5,17,-0.819774620124006,-0.03803124244083303,2,-0.7984860189927114,-0.16742058061563994,-0.06981214566981733
2019-05-20,-0.19047084920590876,-0.23442247216396905,-0.27722311391909316,-0.21730540689041788,0.5395391512977824,2019,5,20,-0.265343177587363,0.4030126735320186,5,-0.7909696896867449,-0.16380785050668367,-0.020495286785692235
2019-05-21,-0.19623516362559534,-0.1988985168294195,-0.1616728653397942,-0.16558657301608698,-1.0277360698543248,2019,5,21,-0.09408758181752061,-0.44153875807453985,6,-0.7884794657519961,-0.16025780155940517,-0.005764314419686584
2019-05-22,-0.21224712143812802,-0.2597967609544971,-0.21008774907877817,-0.22624441052928534,-1.173526343366058,2019,5,22,-0.21490923534547693,0.21533418141080465,7,-0.7859968350810111,-0.1567742763927014,-0.016011957812532673
2019-05-23,-0.2622043516748759,-0.27184941512165656,-0.24107324497726598,-0.24220698657848722,-1.0007630824005955,2019,5,23,-0.6182092301666586,-0.2820107879607219,8,-0.7835217878818764,-0.15336096736166843,-0.04995723023674786
2019-05-24,-0.19559479291345044,-0.24520662988762673,-0.21008774907877817,-0.21155886993515946,-1.1992825682942718,2019,5,24,0.7779930721597116,0.24348470341820064,9,-0.781054314362678,-0.1500212269808053,0.06660955876142544
2019-05-28,-0.2314614221368154,-0.22681028251965843,-0.2036325300132763,-0.1847416157488979,-0.80746801742067,2019,5,28,-0.4486132352064194,-0.6761359817566052,13,-0.7712599612469746,-0.14675784864984812,-0.03586662922336495
2019-05-29,-0.29614986812132826,-0.29595496514515196,-0.2974282406579392,-0.26008499385622214,-0.7505609700734964,2019,5,29,-0.7983477205581194,-0.5166115869044786,14,-0.7688302092487527,-0.1435732189066873,-0.06468844598451287
2019-05-30,-0.3051165254271695,-0.3168885470893003,-0.27464092739742346,-0.28881767990951945,0.30381055684411956,2019,5,30,-0.13606900033703168,-0.22570973456204693,15,-0.7664079721789849,-0.14046912101469775,-0.00896665730584123
2019-05-31,-0.26604730929541265,-0.24140041422088318,-0.2804507231290784,-0.21985923389240805,0.027945816706153783,2019,5,31,0.4533700693830412,-0.6667536693026647,16,-0.7639932402457577,-0.1374463903122878,0.039069216131756845
2019-06-03,-0.21224712143812802,-0.22363855739819663,-0.22687146699228644,-0.24578258828943533,-0.5340197846760352,2019,6,3,0.6242773637845844,0.5024809579843167,19,-0.7567939773461811,-0.13450478603925736,0.05380018785728463
2019-06-04,-0.1161753745629319,-0.15829984875027017,-0.19717706435463347,-0.12983031519095795,0.046860943239163184,2019,6,4,1.1118287470621337,0.20594829369517278,20,-0.7544091680399785,-0.1316430699844217,0.09607174687519612
2019-06-05,0.027932245749862313,0.018050706411446526,-0.08098139244148757,-0.11003687668468991,0.4874055569353224,2019,6,5,1.6210160973075114,2.0264250391369036,21,-0.7520318149107477,-0.12885925045332405,0.1441076203127942
2019-06-06,0.022808302042320636,0.023759909066973613,0.0339231862108235,0.025964339574335346,-0.5511735836371449,2019,6,6,-0.08200054070851166,-0.04741713954034796,22,-0.7496619081665751,-0.1261511082613762,-0.005123943707541677
2019-06-07,-0.025867942107422312,0.018684954633197432,0.02424035728980499,0.02085619839253404,-0.8701695772145279,2019,6,7,-0.5559180387075178,-0.6855182942105457,23,-0.7472994380155469,-0.12351681530227995,-0.04867624414974295
2019-06-10,-0.12514203186877312,-0.04982523744701437,-0.07904487584680578,-0.03660892916739611,-0.9583210440980086,2019,6,10,-1.1249744787272533,-1.2954725115189218,26,-0.740256549202192,-0.12095503016926298,-0.09927408976135081
2019-06-11,-0.13538967526161924,-0.1094545004815285,-0.1261686663249549,-0.08768912399861076,-1.1730583577793214,2019,6,11,-0.1438858983503292,-0.6949041913100606,27,-0.7379237275046044,-0.11846463651411893,-0.010247643392846117
2019-06-12,-0.15332323389553895,-0.17288997981714055,-0.13197846270214122,-0.13238438546260728,-1.4393591742901604,2019,6,12,-0.23281160329637976,-0.3007825727758687,28,-0.7355982934405929,-0.11604422798544867,-0.01793355863391971
2019-06-13,-0.01626067006719897,-0.06504985905916648,-0.061615488006309616,-0.09854380213567046,-1.0808311618768072,2019,6,13,1.5620303989427495,1.210027695415549,29,-0.7332802372182434,-0.11369182419070473,0.13706256382833998
2019-06-14,-0.0854324450248714,-0.03650384451282225,-0.04160391428967515,0.010001763525133487,-1.2745516682992206,2019,6,14,-0.7892548963321151,-1.3986958623562566,30,-0.7309695490456425,-0.11140476903806303,-0.06917177495767243
2019-06-17,-0.05020618651365136,-0.0822408676155694,-0.05322350575298501,-0.08385826154154459,-1.3889613810130508,2019,6,17,0.37186412626355086,0.49685013665372135,33,-0.7240815949071934,-0.10918010720084012,0.03522625851122005
2019-06-18,-0.045082242806109674,-0.030794641857295163,-0.00028991954318094345,-0.018730921889661165,-1.3246346349088893,2019,6,18,0.030841718401413067,-0.38523413879805657,34,-0.7218002810144493,-0.10701434920686874,0.005123943707541684
2019-06-19,0.018965588444021082,0.007901039233070598,0.012620765180963753,-0.008514883434220346,-1.0678466890520784,2019,6,19,0.6872805867379082,0.40301268291590164,35,-0.719526286211885,-0.10490340224378829,0.06404783125013075
2019-06-20,-0.045082242806109674,-0.005420353066767129,-0.01578279078899532,0.02787977080286843,-1.13286265029307,2019,6,20,-0.724082015817524,-1.070257600290797,36,-0.7172596007075869,-0.10284255190490584,-0.06404783125013075
2019-06-21,-0.03611558550026844,-0.0783712513590042,-0.024174526449178987,-0.04746360794295846,-1.5237071946777998,2019,6,21,0.07355376894513344,0.1684154592338363,37,-0.7150002147096413,-0.1008265971456634,0.00896665730584123
2019-06-24,-0.09439910233071264,-0.08281171588185304,-0.060324395391006154,-0.037885964622472096,-1.4376744261779086,2019,6,24,-0.673696494262735,-0.8262780641547913,40,-0.7082657558347822,-0.0988496179157001,-0.05828351683044419
2019-06-25,-0.09439910233071264,-0.10057357207018522,-0.08466087260863953,-0.08385826154154459,-1.457397891451645,2019,6,25,-0.026354741721657332,-0.15063691511599128,41,-0.7060354699431094,-0.09690502155023498,0.0
2019-06-26,-0.13218733237546457,-0.12531337031543152,-0.09001879802865913,-0.08577369277007767,-1.2569469014090737,2019,6,26,-0.45492359148351935,-0.6761359817566052,42,-0.7038124345982205,-0.0949858348046778,-0.03778823004475193
2019-06-27,0.03625853234355867,-0.004786104845016222,-0.03579411855802022,-0.07938876004136218,-0.23197337816736768,2019,6,27,1.9105665363333235,1.6979903617170182,43,-0.7015966400082019,-0.09308639327286694,0.16844586471902323
2019-06-28,0.11631832140622211,0.10812921267026486,0.08556592575293366,0.03234927230305085,0.4914387418101071,2019,6,28,0.8405864614539652,1.2287959143528877,44,-0.6993880763811396,-0.09120703510057351,0.08005978906266345
2019-07-01,-0.018822641600730855,0.10559173577055397,0.01972165417345352,0.15238791251287423,-0.44423462265340125,2019,7,1,-1.4503115012316568,-2.5153773521062166,47,-0.692805673358555,-0.08936612144280719,-0.13514096300695297
2019-07-02,-0.03611558550026844,-0.04411603415713289,-0.00028991954318094345,-0.002768345840459304,-0.9359768595385471,2019,7,2,-0.21725211498634872,-0.4884574896353913,48,-0.6906259356641817,-0.08762124125437648,-0.01729294389953759
2019-07-03,-0.02138461377474065,-0.05807191763660675,0.002292266978488735,-0.037885964622472096,-1.6593379265429233,2019,7,3,0.13725880756326375,0.24348470341820064,49,-0.6884533799731963,-0.08609743927423599,0.014730971725527793
2019-07-05,-0.06621814432618404,-0.052362714346725264,-0.04805937994831797,-0.018092282846544912,-1.245851388588991,2019,7,5,-0.5217211485720195,-0.7042900790256925,51,-0.6841297754337345,-0.08499758401181358,-0.044833530551443394
2019-07-08,-0.10336575963655387,-0.0967675987269725,-0.06484309786182624,-0.06406457976561741,-1.1552663966544798,2019,7,8,-0.44339965743048576,-0.5729126309192705,54,-0.6776979888521085,-0.08904265486868737,-0.03714761531036982
2019-07-09,-0.023305970573890427,-0.07266204870347712,-0.04999589654299976,-0.09024319427026009,-1.5000866857908748,2019,7,9,0.8845895361508725,0.9848127841874244,55,-0.6755683195512627,-0.09407633394398972,0.08005978906266344
2019-07-10,-0.055329886198955805,-0.03650384451282225,-0.01255493498586913,-0.00723784797914436,-1.1176233378231557,2019,7,10,-0.38042765352441205,-0.7042865037640011,56,-0.673445763710409,-0.10011680676768994,-0.032023915625065374
2019-07-11,-0.03675595621241332,-0.06885583240237919,-0.028693229565530453,-0.031501031893756595,-1.2618990397996324,2019,7,11,0.18135788897013672,-0.07556407690216951,57,-0.6713303115376335,-0.10716471275452634,0.018573929986542483
2019-07-12,-0.03675595621241332,-0.07202755815819538,-0.023529103115332038,-0.027669925528528636,-1.201520390281758,2019,7,12,-0.026354741721657332,-0.13186870556253585,58,-0.6692219532410224,-0.1152053278761319,0.0
2019-07-15,-0.0021703130760532875,-0.04284729602445464,0.013911858441798593,-0.025115855256879302,-1.4524712795476358,2019,7,15,0.3578674313361477,0.33732216653990343,61,-0.6629393436890394,-0.12420966068422283,0.034585643136360034
2019-07-16,-0.02778929890657209,-0.025085439201768076,0.017139468297315223,0.0004241202046471239,-1.4693102518413044,2019,7,16,-0.3075123218368338,-0.4133846514215695,62,-0.6608592629779493,-0.13413729906795138,-0.0256189858305188
2019-07-17,-0.06045382990649748,-0.06504985905916648,-0.01513712086200743,-0.034054858895746776,-1.44882099197109,2019,7,17,-0.38808349824196536,-0.38523771405974794,63,-0.6587862271834553,-0.1449417720966734,-0.03266453099992539
2019-07-18,-0.054689515486810926,-0.0967675987269725,-0.03643978783947673,-0.06981111672087581,-1.5998867393696725,2019,7,18,0.038225929962160024,0.22471649386474518,64,-0.6567202265136434,-0.1565702906695974,0.005764314419686556
2019-07-19,-0.08863478727054817,-0.08179682116328478,-0.03837630443415852,-0.04427089735118759,-1.6047963336159823,2019,7,19,-0.40587856233774966,-0.6479854597492093,65,-0.6546612511766001,-0.1689649659584495,-0.03394527178373725
2019-07-22,-0.05597050093333791,-0.10501403659303406,-0.04805937994831797,-0.08577369277007767,-1.622298994559932,2019,7,22,0.34332961982335186,0.4405455173772381,68,-0.6485263792429443,-0.18206784341562646,0.03266428633721026
2019-07-23,-0.07710615843117505,-0.06758709426970094,-0.04160391428967515,-0.05384854067167395,-1.5121266786132808,2019,7,23,-0.26276933340190073,-0.33831540723720516,69,-0.646495407317838,-0.19582125815084617,-0.021135657497837135
2019-07-24,-0.05148717260065625,-0.09549885995993987,-0.025465619710013827,-0.07875012035974328,-1.6256684907844356,2019,7,24,0.2623894124153946,0.4030090982703272,70,-0.6444714117659317,-0.21016583254844873,0.025618985830518796
2019-07-25,-0.07454418625716526,-0.08978965730441278,-0.03514869522417327,-0.055763971900207036,-1.571526812813433,2019,7,25,-0.2838482631659285,-0.2726284661228983,71,-0.6424543827953118,-0.22504197210729476,-0.023057013656509008
2019-07-26,-0.0028106837881981665,-0.02635417796880072,-0.023529103115332038,-0.07491925790267712,-1.300367455029383,2019,7,26,0.7813875791918403,1.059885622401246,72,-0.6404443106140643,-0.240390316257893,0.07173350246896709
2019-07-29,-0.04380125671910478,0.01595727532966585,-0.0409584909558282,0.025964339574335346,-1.2107354519260445,2019,7,29,-0.4763100450142739,-1.0233388687299456,75,-0.63445573688742,-0.25614491320348043,-0.04099057293090661
2019-07-30,-0.126423017955778,-0.1037452978260014,-0.08162681577533452,-0.056402611581825926,-1.2929222297858456,2019,7,30,-0.9465253678853909,-1.0233388687299456,76,-0.6324733939445255,-0.27222803042323485,-0.08262176123667322
2019-07-31,-0.1552445906946887,-0.1519563978729922,-0.12358648044881662,-0.12727648818896775,-1.438891188703424,2019,7,31,-0.35706721911370914,-0.40400233896762894,77,-0.6304979588314351,-0.28855585337889395,-0.0288215727389107
2019-08-01,-0.20840416381759125,-0.18012176592251905,-0.1778111599194555,-0.1566475693772195,-1.321562947694127,2019,8,1,-0.6428468284197857,-0.7512052353248525,78,-0.6285294217562349,-0.30504939299642303,-0.05315957312290254
2019-08-02,-0.26668768000755755,-0.2737524021104401,-0.24559194809361745,-0.22752144598436133,-1.2470256069702574,2019,8,2,-0.7158496788845485,-0.5635267338197556,79,-0.6265677729270114,-0.3216426732740282,-0.0582835161899663
2019-08-05,-0.35315239886476757,-0.3777867912143779,-0.3435192551646768,-0.33478997682859196,-1.113130676190484,2019,8,5,-1.072273853056983,-0.2538602565694429,82,-0.6207240579960629,-0.3382873261367554,-0.08646471885721002
2019-08-06,-0.34674746907022097,-0.2897383148131633,-0.3482315113032403,-0.31371925895908614,-1.2177041827539954,2019,8,6,0.053800862175371986,-0.46968928008193583,83,-0.6187898642316085,-0.3549442354889681,0.006404929794546599
2019-08-07,-0.31152121119947884,-0.3416283453345466,-0.35081369782491,-0.35330637987978397,-1.1899909271903375,2019,8,7,0.413364300271945,0.6282240094984519,84,-0.616862509753562,-0.37158876904673316,0.03522625787074213
2019-08-08,-0.10208477354954898,-0.15068765910595955,-0.1616728653397942,-0.16686360847116297,0.5725704248925384,2019,8,8,2.5517601869316464,0.9566622715639115,85,-0.6149419847700099,-0.3882070009457997,0.20943643764992986
2019-08-09,-0.28910456761463676,-0.2978579514995811,-0.3256379976580771,-0.32138122778138023,1.0429640101936444,2019,8,9,-2.153331551787233,0.4874642489380895,86,-0.6130282794890384,-0.40479342116602485,-0.18701979406508779
2019-08-12,-0.48445040425118374,-0.3441658228686119,-0.43602387319403674,-0.3041416162771024,-0.14040136208628484,2019,8,12,-2.410003134862188,-2.6279866000430663,89,-0.6073279839424701,-0.4213493773553842,-0.19534583663654698
2019-08-13,-0.5196766627624038,-0.5021202729858911,-0.4928307391863453,-0.4848380940001242,-0.3310586901227858,2019,8,13,-0.4916250519870573,-0.4884574896353913,90,-0.6054414595526837,-0.4378819195162901,-0.03522625851122002
2019-08-14,-0.6791558701755858,-0.5757054188655247,-0.6709974028964668,-0.5486883981969316,0.13616110201736098,2019,8,14,-2.164548578580913,-1.8866585192738423,91,-0.6035617059059094,-0.454403374322871,-0.159479207413182
2019-08-15,-0.7265511282383238,-0.6867175077028459,-0.699400958866426,-0.6431868190370668,-0.818172124113664,2019,8,15,-0.7083914803001532,-1.1922491606815873,92,-0.6016887132102333,-0.47093065698720893,-0.04739525806273803
2019-08-16,-0.5978150950259175,-0.6277224928900826,-0.6684152163747972,-0.7108682295991022,-0.7656386147952655,2019,8,16,1.8674754042137447,1.6886044646175034,93,-0.5998224716737419,-0.4874807759216324,0.12873603321240634
2019-08-19,-0.6375246818698191,-0.6074231585333307,-0.6057988012439746,-0.5786981190668022,-1.0234646377717467,2019,8,19,-0.5771919613100667,-0.8356603766087318,96,-0.594264156100238,-0.5040700893541319,-0.03970958684390169
2019-08-20,-0.5939721367649028,-0.5902955505667495,-0.6045077079831398,-0.6457408899472188,-1.031326795628922,2019,8,20,0.5886132030382532,0.787751988996153,97,-0.5924248212813478,-0.5207009241451406,0.04355254510491635
2019-08-21,-0.6183103811711318,-0.6055199298553707,-0.5812685244109886,-0.5806135502953353,-1.2727818318984712,2019,8,21,-0.36339216418596326,-0.5259938993584191,98,-0.5905921886620735,-0.5373572536491014,-0.024338244406229004
2019-08-22,-0.676593898001576,-0.6638806964463831,-0.6606689040484605,-0.6253088117593318,-1.2225542151983568,2019,8,22,-0.8422538317873189,-0.7230547133174566,99,-0.5887662484505017,-0.5540128620855056,-0.05828351683044419
2019-08-23,-0.7131011419593231,-0.7070168420595977,-0.6864902741422813,-0.6987365153684638,-1.2525648545514492,2019,8,23,-0.5510905206531788,-0.1787910123850786,100,-0.5869469908547185,-0.5706331275778103,-0.03650724395774707
2019-08-26,-0.7207868138186373,-0.732390888526595,-0.6903633073316447,-0.6974597238215496,-1.465123908047224,2019,8,26,-0.13870808602641613,-0.31016130996811786,103,-0.5815292158429632,-0.5871688804838731,-0.007685671859314236
2019-08-27,-0.7335964287450153,-0.7063823515143159,-0.6955276797294527,-0.6961826883664737,-1.3874978624508927,2019,8,27,-0.2142872760620432,-0.5166080116427872,104,-0.5797365907911973,-0.603557639954984,-0.012809614926377999
2019-08-28,-0.7669013304570855,-0.7818707267062639,-0.7420060468737549,-0.7683333571590323,-1.415517435853142,2019,8,28,-0.5179294317780964,0.055806211296986714,105,-0.5779505993956513,-0.6197285530261621,-0.033304901712070234
2019-08-29,-0.7560133163520946,-0.766011856872361,-0.7200579565624387,-0.7466242435160695,-1.4557897227990408,2019,8,29,0.13691468161340448,-0.1037217682007143,106,-0.5761712318644118,-0.6356033040550234,0.010888014104990962
2019-08-30,-0.7681823165440905,-0.7767957722724878,-0.7562075782655936,-0.7402393107873539,-1.3829116037008737,2019,8,30,-0.20788606506735124,-0.37585182634411607,107,-0.5743984784055649,-0.6510998585068586,-0.01216900019199596
2019-09-03,-0.8879516924506556,-0.8148572051411026,-0.8449681984537306,-0.7977046822554459,-0.9127732832652603,2019,9,3,-1.8234395736760198,-1.286086614419407,111,-0.567373409455829,-0.6661373688523472,-0.11976937590656511
2019-09-04,-0.8053300535453399,-0.8256411205412294,-0.8330258953234975,-0.8736864561362272,-1.0656258847222917,2019,9,4,1.2888578731968374,1.0411156205250034,112,-0.5656335794802394,-0.6806394640999713,0.08262163890531571
2019-09-05,-0.7720252741646273,-0.7831394654732966,-0.7426514702076019,-0.7830188977531582,-1.2719054225269464,2019,9,5,0.4824285849917452,0.19656239659565786,113,-0.5639003048255603,-0.6945313949804618,0.033304779380712635
2019-09-06,-0.8136562178076787,-0.801535570517734,-0.7968761496782408,-0.7587559577467078,-1.3482551437958141,2019,9,6,-0.6521609317019557,-0.769973435494425,114,-0.5621735756998778,-0.7077422250298708,-0.04163094364305142
2019-09-09,-0.7893179734014497,-0.8237381335524459,-0.7936485404682558,-0.8008971483005523,-1.3131647336194172,2019,9,9,0.3469676286836503,0.20595186895686413,117,-0.5570325635776727,-0.720208669273568,0.024338244406229004
2019-09-10,-0.7079774429144965,-0.7381000911821219,-0.7813834017289969,-0.8040896149841614,-1.0265278161576592,2019,9,10,1.206615205742056,1.444621343835923,118,-0.5553319186488397,-0.7318768849342684,0.08134053048695322
2019-09-11,-0.676593898001576,-0.6492905653795127,-0.6929454932077831,-0.7159761268727417,-0.6947941057921903,2019,9,11,0.43133179556130946,0.6094557999449965,119,-0.5536377702894346,-0.742704849943825,0.0313835449129205
2019-09-12,-0.6721105696688944,-0.6907773263632317,-0.6729339194911487,-0.667450002951679,-1.2887954477937136,2019,9,12,0.03808624395171516,-0.03803125182471609,120,-0.5519501087075438,-0.7526637043068082,0.004483328332681613
2019-09-13,-0.7246297714391741,-0.69401245270887,-0.6981098656055911,-0.6604264305413446,-1.1446729047365327,2019,9,13,-0.7796869460830694,-0.9107332054386705,121,-0.5502689241112538,-0.7617382563317092,-0.05251920177027969
2019-09-16,-0.6490533107091923,-0.6708586378689428,-0.6638965139039771,-0.7019292259602348,-1.271114101443919,2019,9,16,1.0844441729865548,0.8065201985496084,124,-0.5452641343168504,-0.7699286440503318,0.07557646072998181
2019-09-17,-0.6580199680150335,-0.674030363624759,-0.6587323874537786,-0.6285012784429409,-1.473734842843178,2019,9,17,-0.1536271001107131,-0.40400233896762894,125,-0.5436087597438257,-0.7772504947144421,-0.00896665730584123
2019-09-18,-0.6599415694768984,-0.6651494352134157,-0.6458217027296339,-0.6540414978126291,-1.384647404786224,2019,9,18,-0.05374123146124205,-0.05679945199428848,126,-0.5419598131968333,-0.783739139633442,-0.0019216014618649302
2019-09-19,-0.688122527481427,-0.6810083050473188,-0.650340405200454,-0.6636188972249537,-1.3624138350018096,2019,9,19,-0.42833892177286287,-0.32893309478326466,127,-0.5403172848839591,-0.7894587001540911,-0.028180958004528578
2019-09-20,-0.7662609597449407,-0.7078415343743457,-0.7265131756279406,-0.6776660420456225,-0.9313735831308287,2019,9,20,-1.1554527483678012,-1.267321989511526,128,-0.5386811650132897,-0.7945001656550577,-0.07813843226351369
2019-09-23,-0.7406417292517068,-0.7844082042403292,-0.7549164856502901,-0.7708874274306816,-1.4778446071776106,2019,9,23,0.35769638874736287,0.47808192710026587,131,-0.5338111581353722,-0.7989744084802152,0.02561923049323389
2019-09-24,-0.8495230910532809,-0.7758442787780959,-0.8226973964754911,-0.7402393107873539,-1.0467107581892825,2019,9,24,-1.638782071681573,-1.567606144924015,132,-0.5322005741143842,-0.8030046211338135,-0.10888136180157415
2019-09-25,-0.8251848466470516,-0.8662399097821444,-0.8388356910551524,-0.8507003076766909,-1.2768660697463545,2019,9,25,0.3536468952636777,0.4123949953698455,133,-0.5305963495760323,-0.8067223306319434,0.024338244406229337
2019-09-26,-0.8322301477942214,-0.8402312516080999,-0.8149510841491544,-0.8219677442159774,-1.4314119281444877,2019,9,26,-0.13503606829704498,-0.11310228833186761,134,-0.5289984747284029,-0.8102642309112126,-0.007045301147169836
2019-09-27,-0.9142112930155563,-0.8548215038367356,-0.8795042624677997,-0.8226062619435154,-0.938920914320563,2019,9,27,-1.2954082957140407,-1.3048548145889727,135,-0.527406939779582,-0.813765919569382,-0.08198114522133482
2019-09-30,-0.9026827865075412,-0.928723774461599,-0.8769220759461298,-0.9062501259621689,-1.5226350822427304,2019,9,30,0.159645842804099,0.0933426210200112,138,-0.5226702764068346,-0.8173514486726298,0.011528506508015068
2019-10-01,-0.9872259039028861,-0.9429967814175939,-0.9750429366849328,-0.908165557190702,-0.8084380239095422,2019,10,1,-1.382313122930998,-1.11717990711334,139,-0.5211040031341114,-0.821124689198107,-0.08454311739534492
2019-10-02,-0.9968330542522298,-1.0038949043809062,-0.9969910269962489,-1.0167111228515058,-1.1996569567636612,2019,10,2,-0.18741803703622706,0.33732394947880423,140,-0.5195440208006283,-0.8251618103362699,-0.009607150349343674
2019-10-03,-0.9507186599451393,-0.9829612012749923,-0.9834347956416869,-0.9975560807571979,-1.1460853703255922,2019,10,3,0.7507491024468698,0.7314473603357866,141,-0.5179903196144716,-0.829510860317474,0.04611439430709052
2019-10-04,-0.9539210021908155,-0.9639304845235075,-0.9589046421052715,-0.9381752780605727,-1.215372763649162,2019,10,4,-0.07901215196310543,-0.18817332483901578,142,-0.5164428897837277,-0.834190215658349,-0.003202342245676282
2019-10-07,-0.9090874716393724,-0.9277722809672072,-0.8988701669029778,-0.8934800165965762,-1.088923058112926,2019,10,7,0.7121034951521623,-0.1881733248390191,145,-0.5118381305048347,-0.8392001797331003,0.044833530551443124
2019-10-08,-0.9788996173091895,-0.9658335926740567,-0.9414752542647751,-0.9311517056502383,-1.285876919498247,2019,10,8,-1.149734847999618,-0.6573677722031465,146,-0.5103156881766042,-0.8445307487534977,-0.06981214566981708
2019-10-09,-0.9923497259195484,-0.9994543193306463,-0.9647144378369262,-0.9560532853383076,-1.3417118544103512,2019,10,9,-0.25084383983896896,-0.48845928195818183,147,-0.5087994682442181,-0.8501569419058167,-0.01345010861035889
2019-10-10,-1.0051592185145686,-1.0210223918200763,-0.9795616398012845,-0.982232022435534,-1.2903695811309186,2019,10,10,-0.24169609913527457,-0.2913948833535632,148,-0.5072894609157622,-0.8560392299405063,-0.012809492595020178
2019-10-11,-0.9244590587397602,-0.9499747228401537,-0.9563224562291334,-0.9988329942581927,-1.0775978069138996,2019,10,11,1.339700130283712,1.1349530836467063,149,-0.505785656399323,-0.8621228104478046,0.08070015977480838
2019-10-14,-0.8610515982017743,-0.8776581939314327,-0.8995802312074658,-0.9177432005111886,-1.2708758542361258,2019,10,14,1.0020919536023112,0.8722071302800355,152,-0.5013113618029688,-0.8683421147690691,0.06340746053798585
2019-10-15,-0.8046895605018375,-0.8376940163975654,-0.810755093345258,-0.855169809815376,-1.2795208243474787,2019,10,15,0.8587356629394353,0.7783660918966381,153,-0.49983227061545943,-0.8746266560202509,0.05636203769993686
2019-10-16,-0.8130157247641763,-0.8243723817741968,-0.7950686684317,-0.8168597243497542,-1.2848133158920274,2019,10,16,-0.15351035673301602,0.09334441334280175,154,-0.4983593332803981,-0.8809059350738722,-0.008326164262338787
2019-10-17,-0.7649799736579358,-0.7894829163505745,-0.7942939638021025,-0.8168597243497542,-1.334232593851415,2019,10,17,0.7102305753271728,0.7971342920662104,155,-0.49689254000587124,-0.8871140465624016,0.048035751106240476
2019-10-18,-0.8008466028813007,-0.8066105249515102,-0.8059135552654124,-0.7689719962021486,-1.2794612625455304,2019,10,18,-0.5636922625711184,-0.432152870358908,156,-0.4954318809999651,-0.8931935444195399,-0.03586662922336492
2019-10-21,-0.8424777905465894,-0.8305256308820085,-0.8114006393301436,-0.8072820816677705,-1.3340113643013214,2019,10,21,-0.6609485211566757,-0.4790751677975677,159,-0.49108661167483386,-0.8990964794251285,-0.04163118766528873
2019-10-22,-0.7707442880776224,-0.7285849145490279,-0.873694466736145,-0.8417613040378235,-0.31198189584163105,2019,10,22,1.0897235177786089,1.078650247309127,160,-0.4896503918242734,-0.9047804109139809,0.07173350246896704
2019-10-23,-0.7374393863655521,-0.7679148438611445,-0.7478158426054099,-0.7485399186527643,-1.3760109435037209,2019,10,23,0.4739846034379888,0.19656598124123226,161,-0.48822025728276514,-0.9102058595492016,0.033304901712070345
2019-10-24,-0.7227084146400243,-0.7583996672280503,-0.7258677522940936,-0.7402393107873539,-1.3743517218780184,2019,10,24,0.19146662996005762,0.290403434979052,162,-0.4867961982583954,-0.9153420401288345,0.01473097172552773
2019-10-25,-0.7592156592382492,-0.7545934515613067,-0.7194122866354508,-0.7274692014217612,-1.2596527089832965,2019,10,25,-0.562443006466241,-0.43215644562059935,163,-0.4853782049592503,-0.9201671977159804,-0.03650724459822485
2019-10-28,-0.7265511282383238,-0.7625228864782583,-0.7265131756279406,-0.7466242435160695,-1.3059832820702224,2019,10,28,0.461663933340038,0.3279398447020799,166,-0.4811605214940263,-0.9246641380634141,0.03266453099992539
2019-10-29,-0.7777895885843138,-0.7901174068958563,-0.7707320685630281,-0.780465070751168,-1.1539815634981665,2019,10,29,-0.7801214876213586,0.07457442085044215,167,-0.479766693176643,-0.9288266807726353,-0.05123846034599
2019-10-30,-0.6926058558141087,-0.7342941172045548,-0.7516888757947735,-0.7715260671123005,-1.033709267706854,2019,10,30,1.2577020359210063,1.1912594952459767,168,-0.47837888162491593,-0.9326624262214392,0.08518373277020508
2019-10-31,-0.8367134761269029,-0.7622056412056174,-0.8065591018958298,-0.7255537701932281,-0.5929774597760001,2019,10,31,-2.1130244711586066,-1.595756666931411,169,-0.4769970770469313,-0.9361905163807589,-0.14410762031279423
2019-11-01,-0.8450396403892416,-0.8675085273874114,-0.8400622666419169,-0.8392072337661741,-1.0590996129945283,2019,11,1,-0.15552869982843315,-0.04741534721756076,170,-0.47562126965077534,-0.9394389187947773,-0.008326164262338676
2019-11-04,-0.8636135703757843,-0.8643368016315952,-0.8801496858016467,-0.8392072337661741,0.50253425463019,2019,11,4,-0.3157089615506504,-0.31954899000654025,173,-0.471529732634143,-0.942443353392055,-0.018573929986542725
2019-11-05,-1.0595998994153557,-1.019753774214809,-1.0189391179530969,-0.9873400416632542,2.4745489376786796,2019,11,5,-3.1080189606941273,-1.013954763953218,174,-0.470177816046165,-0.9452494966227774,-0.19598632903957136
2019-11-07,-1.1005905946776198,-1.139012422079957,-1.117059855395329,-1.1361112453337914,3.6570974623890318,2019,11,7,-0.7412751472816504,0.5719211731608729,176,-0.46749181774507564,-0.9479103365018374,-0.040990695262264065
2019-11-08,-1.1242882237089888,-1.1263252780018704,-1.0870426171486505,-1.092693019324871,1.8755358954846495,2019,11,8,-0.4493271253090489,-0.4133864437443567,177,-0.4661577164481371,-0.9504812784843173,-0.023697629031369072
2019-11-11,-1.1159620594466502,-1.152333936175915,-1.1312616333803085,-1.1214255827855844,1.5534341793771052,2019,11,11,0.1242924128771839,0.13087724780413487,180,-0.46219088646878054,-0.9530130408931287,0.008326164262338676
2019-11-12,-1.1441430174511786,-1.1237879216295705,-1.103503746691806,-1.0990780740076673,1.2094477554679863,2019,11,12,-0.5337968066723038,-0.6104472577033943,181,-0.4608804018064358,-0.9555430382399406,-0.028180958004528467
2019-11-13,-1.143502646739034,-1.1770737344211613,-1.1370714291119635,-1.1571818412492165,0.8336042763453779,2019,11,13,-0.014633847847858095,0.25286880819492835,182,-0.4595757968229553,-0.9580944121914811,0.0006403707121447333
2019-11-14,-1.1896170410461244,-1.1745362568870958,-1.167734090046957,-1.1361112453337914,0.4265078688576128,2019,11,14,-0.8700841410896227,-0.7324388180941843,183,-0.45827706172642524,-0.9606723569734115,-0.04611439430709052
2019-11-15,-1.138378702391014,-1.1783424725538394,-1.1490137328877283,-1.1756983656159863,1.5617813404787166,2019,11,15,0.937095545692338,0.600073487491056,184,-0.45698418672493196,-0.963263573199265,0.051238338655110516
2019-11-18,-1.140940674565024,-1.1656553284757525,-1.126742930263957,-1.1361112453337914,1.1091031368428041,2019,11,18,-0.07308973950845447,-0.019263042271260647,187,-0.4531406243715356,-0.9658324944592118,-0.0025619721740099966
2019-11-19,-1.1217263738663366,-1.1516995667923986,-1.1067313565473227,-1.1380266765623244,0.7583181586827297,2019,11,19,0.3246729216215688,0.290403434979052,188,-0.45187109183105234,-0.9683225137001602,0.019214300698687348
2019-11-20,-1.058959406371853,-1.0768456815113778,-1.0851061011995005,-1.1195101515570514,2.5411815764011254,2019,11,20,1.1076227543823238,0.937894062010456,189,-0.45060737042603716,-0.9706619344672656,0.06276696749448352
2019-11-21,-0.9673711108011744,-1.000723058097679,-0.9847258889025218,-1.0167111228515058,2.6947489194815364,2019,11,21,1.5704705954720286,0.7689819777360206,190,-0.4493494503645766,-0.9727658908411273,0.0915882955706786
2019-11-22,-0.960966302697507,-0.9671023314410894,-0.9388931916852077,-0.9420062624717197,1.6525450178190726,2019,11,22,0.0798915888594698,-0.23509383933877132,191,-0.4480973218547568,-0.9745416653146112,0.006404808103667392
2019-11-25,-0.9897877537455383,-1.000723058097679,-0.992472324525429,-1.0154340880349328,1.1985649633691473,2019,11,25,-0.5028427405100782,0.4217791001465732,194,-0.44437558771600494,-0.9758945734668726,-0.028821451048031244
2019-11-26,-0.9628876594966568,-0.9658335926740567,-0.9292101161710481,-0.964353893203718,0.4990626524594892,2019,11,26,0.4252433868933085,0.06519210839650497,195,-0.44314652749361105,-0.9767302950739052,0.026900094248881512
2019-11-27,-0.9654496316706669,-1.0013574274811952,-0.9601957353661064,-0.9688233947039001,-0.03913778994532896,2019,11,27,-0.06875333990822903,0.0933426210200112,196,-0.4419232098632895,-0.9769542935903855,-0.0025619721740101076
2019-11-29,-0.9584043311639754,-0.9848641882637759,-0.9363110051635378,-0.9694619124314384,-1.2564363716780884,2019,11,29,0.09039751916176103,0.20595007663407694,198,-0.4394937632112082,-0.9764685762544016,0.007045300506691499
2019-12-02,-0.9981140403392347,-1.0054807672588142,-0.9718152041783771,-0.9752084500251996,-0.5066383734375177,2019,12,2,-0.6819646919470101,-0.2913966756763504,201,-0.43589241787578503,-0.9751792663109858,-0.03970970917525929
2019-12-03,-0.9955520681652249,-1.017850666698615,-1.0073195258442555,-1.0467207224057984,0.20174715479128652,2019,12,3,0.016848524447349612,0.7971343014500935,202,-0.4347033501677089,-0.9730060200820039,0.0025619721740097745
2019-12-04,-0.9929902183225724,-1.0260972257264416,-0.9718152041783771,-0.9892554728917873,-0.0309522965918629,2019,12,4,0.016786913370403334,-0.009880720433433741,203,-0.4335199565083089,-0.9698912139787589,0.0025618498426525083
2019-12-05,-1.0192498195279516,-1.0394187391880447,-1.005382885953003,-0.999471511985731,-0.03208397082888056,2019,12,5,-0.46795881519311466,-0.24447794411549903,204,-0.4323422271056715,-0.9658017965849683,-0.02625960120537918
2019-12-06,-1.0698475428082017,-1.0435420789656638,-1.0299131627859892,-1.0339507343557839,0.8453294425003428,2019,12,6,-0.889426491625659,-0.4790733848586636,205,-0.4311701521678829,-0.9607253116347395,-0.05059772328025014
2019-12-09,-1.0813761716475747,-1.0793830378836777,-1.0376594751123256,-1.0620449026815433,-0.16201378736466715,2019,12,9,-0.22858078393758088,-0.23509204701598077,208,-0.4276877562244728,-0.9546668449468956,-0.011528628839373
2019-12-10,-1.067926186009052,-1.1026638955924253,-1.0425010131921713,-1.076730443275669,0.06137700525684832,2019,12,10,0.2111084366768407,0.17779777168777683,209,-0.42653820122694225,-0.9476492733359663,0.013449985638522621
2019-12-11,-1.033980791253479,-1.0676475078273935,-1.0266854302794335,-1.0601293494989292,0.03406366464912893,2019,12,11,0.5684479226342106,0.43116320492330096,210,-0.42539425173469203,-0.9397117871276958,0.03394539475557301
2019-12-12,-1.01668784799442,-1.0546432396384313,-1.0047373399681174,-1.040974184812037,0.05858610939412808,2019,12,12,0.27100720287550434,0.40301088120922474,211,-0.4242558979558084,-0.9309063755210136,0.017292943259059168
2019-12-13,-1.0294974629207976,-1.0489340369829043,-0.9995730902213483,-1.0224576604452673,0.21699497609005072,2019,12,13,-0.24455037994758977,-0.05679945199428514,212,-0.42312313009837743,-0.921296792717685,-0.012809614926377666
2019-12-16,-0.9295828801159444,-0.9671023314410894,-0.9459939573811268,-0.9886169551642493,2.935642373047001,2019,12,16,1.6875117192818307,0.9097399647413686,215,-0.41975824413566465,-0.9109583892137106,0.09991458280485321
2019-12-17,-0.9487971808146317,-0.9487059840731208,-0.918236070692624,-0.908165557190702,1.3077502551692268,2019,12,17,-0.33883361799171685,-0.5541462136886023,216,-0.418647722044908,-0.8999741596607598,-0.019214300698687348
2019-12-18,-0.9244590587397602,-0.966467962057573,-0.9305012094318829,-0.9560532853383076,1.0630703727656199,2019,12,18,0.37344328065656507,0.5062324491076619,217,-0.41754273691603566,-0.8884281922770318,0.024338122074871515
2019-12-19,-0.9334257160456014,-0.9645648539070238,-0.918236070692624,-0.9420062624717197,0.9290222830665509,2019,12,19,-0.17179076764120116,0.16841366691104911,218,-0.41644327895713373,-0.8764016175299413,-0.00896665730584123
2019-12-23,-0.9116494438133824,-0.915719506272637,-0.8988701669029778,-0.9005035890069105,0.7085925628847508,2019,12,23,0.3284975556024957,-0.12248639310859866,222,-0.4121005229829576,-0.8639694354768866,0.021776272232219007
2019-12-24,-0.904604143306691,-0.9220630783116802,-0.880795232432064,-0.9107196281008542,-0.8460130121100684,2019,12,24,0.08716402371455907,0.13087904012692542,223,-0.4110285539952028,-0.8511975488828052,0.007045300506691388
2019-12-26,-0.8898731709406849,-0.9252348034331418,-0.8859594815333014,-0.9017806244619867,-0.057908266387892496,2019,12,26,0.21014316748310424,0.21533419079469437,225,-0.4089010114832443,-0.8381422608347252,0.014730972366006179
2019-12-27,-0.9218970865657502,-0.9081073159939715,-0.8769220759461298,-0.8807100285465616,-0.3760193417649008,2019,12,27,-0.5366261121147272,-0.5635285261425395,226,-0.40784541837521326,-0.8248461737073011,-0.03202391562506535
2019-12-30,-0.9494376738581342,-0.9626617463908295,-0.9298556628014655,-0.9234897374664468,-0.34677449700828666,2019,12,30,-0.4724611196531797,-0.33831540723720516,229,-0.40471123413994803,-0.8113324571370308,-0.027540587292383956
2019-12-31,-0.9494376738581342,-0.9785206162247325,-0.9589046421052715,-0.9886169551642493,-0.5660895606107686,2019,12,31,-0.026354741721657332,0.6188399047217242,230,-0.4036773384514233,-0.7976017539216085,0.0
2020-01-02,-0.8693778847954707,-0.9119134111333043,-0.9014522294825452,-0.9356212077889235,-0.1959129615020983,2020,1,2,1.2892154576570871,1.0129633155787068,232,-0.40162573690773684,-0.783642269695796,0.08005978906266342
2020-01-03,-0.8450396403892416,-0.8846361353539924,-0.856910625526066,-0.8922029811415002,-0.34534501376152754,2020,1,3,0.35744813137013026,0.7314473603357866,233,-0.40060801146874786,-0.7694440425418219,0.024338244406229115
2020-01-06,-0.831589654750719,-0.8446717161309486,-0.8233429431059085,-0.8673014014534308,-0.14266471056032015,2020,1,6,0.1831760416917366,0.5625370683841417,236,-0.3975870189802328,-0.7550177877939376,0.013449985638522621
2020-01-07,-0.7528107294437026,-0.795192119640456,-0.8001037595337575,-0.817498120123211,0.6158888725666503,2020,1,7,1.1927428513976062,0.984812784187421,237,-0.39659071678716606,-0.7404081908560821,0.07877892530701636
2020-01-08,-0.6810772263342577,-0.6886204946916294,-0.7290953621496102,-0.7574789222916318,1.7922174433878306,2020,1,8,1.0421005101133962,1.153723085522949,238,-0.3955997459257957,-0.7257028094233103,0.07173350310944493
2020-01-09,-0.6785152548007258,-0.6917922204474456,-0.6800348084836384,-0.6476563211757519,0.5534255599805855,2020,1,9,0.010545650534900676,-0.4227705485210844,239,-0.39461409660420793,-0.7110270576553205,0.0025619715335318816
2020-01-10,-0.6759535272894311,-0.6588057420126069,-0.640334741961473,-0.6712808654087452,0.968732987308366,2020,1,10,0.010498688439301618,-0.038034827086407444,240,-0.3936337590304889,-0.6965449774432692,0.002561727511294687
2020-01-13,-0.6676272406957348,-0.700038900637038,-0.6587323874537786,-0.6578723596311926,-0.5075998710975402,2020,1,13,0.0932877065126988,-0.11310408065465481,243,-0.39072451887740833,-0.6824441883579687,0.008326286593696386
2020-01-14,-0.6227937101442914,-0.6569027550238233,-0.6348477805477806,-0.6636188972249537,0.26697583675352227,2020,1,14,0.6154160942069659,0.6282240094984519,244,-0.3897653303760279,-0.6689142988565794,0.044833530551443346
2020-01-15,-0.6119056960393003,-0.648719717747584,-0.596761395656803,-0.6189236351224545,-0.18031627822049406,2020,1,15,0.12637058859038075,0.13087545548135102,245,-0.3888114046629477,-0.6561459983551629,0.010888014104991073
2020-01-16,-0.6330413528966596,-0.6543652781241125,-0.6180638160411314,-0.610623271165206,-0.07943560337777725,2020,1,16,-0.32138340122664777,-0.3007789881302943,246,-0.3878627319462541,-0.6443163798370144,-0.021135656857359297
2020-01-17,-0.6042197801577489,-0.642312623956953,-0.5877237434764905,-0.6144541336222721,-0.4790612591354559,2020,1,17,0.3797884052169266,0.17779777168777683,247,-0.3869193024340335,-0.6335700839335182,0.028821572738910728
2020-01-21,-0.44602180349428694,-0.4805521998621067,-0.5386634364036597,-0.5806135502953353,2.2008369312397025,2020,1,21,2.1743577473406086,1.9982709324839332,251,-0.38319782059160545,-0.6240106999737396,0.15819797666346197
2020-01-22,-0.4818884320771739,-0.4716712714507634,-0.4411882455918447,-0.42481889553004204,0.5857335831231122,2020,1,22,-0.4925236181949666,-0.8168921670552763,252,-0.3822804602230435,-0.6156756825283097,-0.03586662858288697
2020-01-23,-0.4588311737579498,-0.471036781539836,-0.4537760959980268,-0.4867535252286573,-0.1289399696256624,2020,1,23,0.2778578757759631,0.4311632049232976,253,-0.38136828430747227,-0.6085165005421548,0.023057258319224117
2020-01-24,-0.49726001917756174,-0.48911588300080905,-0.4844387569330207,-0.45291294190172043,-0.10919948669422659,2020,1,24,-0.5284964121430751,-0.6292172501957538,254,-0.380461283052978,-0.6024332942377697,-0.038428845419611946
2020-01-27,-0.5292839348026271,-0.5535028558308129,-0.6174183927072845,-0.5978531617996132,-0.3457449287174661,2020,1,27,-0.45162711384079174,1.0317315251321588,257,-0.3777712293368192,-0.5973071845070053,-0.0320239156250654
2020-01-28,-0.48381003353903884,-0.5103667108519527,-0.49799486499101236,-0.4758990903612567,0.5184117292638362,2020,1,28,0.5858492331471127,-0.09433587110119937,258,-0.37688482880749535,-0.5930279955522573,0.0454739012635883
2020-01-29,-0.4850907749633286,-0.4954595762016179,-0.44893455791818143,-0.48611512945520013,-0.5120925327302118,2020,1,29,-0.04326627317499841,0.03704158638910568,259,-0.3760035539796799,-0.5895134863890265,-0.0012807414242897441
2020-01-30,-0.504945690396398,-0.5229270537503953,-0.5038046613681987,-0.4963311685491436,-0.002924214360763947,2020,1,30,-0.2886704130451076,-0.10371817417125682,260,-0.3751273950614591,-0.586733463729626,-0.019854915433069442
2020-01-31,-0.529924305514772,-0.5287630575855666,-0.5205886252293165,-0.4848380940001242,-0.11296889787466885,2020,1,31,-0.3591518715202124,-0.6385995626496943,261,-0.3742563422609191,-0.5847363051616464,-0.02497861511837396
2020-02-03,-0.4466621742064318,-0.4907018670404826,-0.46636394575867757,-0.500800670049326,0.0521789612702612,2020,2,3,1.0948917336555384,0.8159025016196658,264,-0.3716737226462477,-0.5836253342053324,0.0832621313083402
2020-02-04,-0.3864573005768378,-0.40506382467015867,-0.41924015528052844,-0.4292883976687271,0.8121279923285918,2020,2,4,0.7563534303079162,0.6469922190519074,265,-0.3708229963972944,-0.5835308762939185,0.06020487362959398
2020-02-05,-0.49661940444317965,-0.4063325634371913,-0.4531304260710389,-0.3641610580168437,1.3215856108789314,2020,2,5,-1.423603629782852,-1.924191353735179,266,-0.3699773273064534,-0.5845876506572062,-0.11016210386634184
2020-02-06,-0.4786860898314972,-0.5065607368743856,-0.4534532610345329,-0.46568305126731324,2.5371569003551904,2020,2,6,0.2117320377241553,-0.16940512466944674,267,-0.36913670558181094,-0.5869132590850448,0.01793331461168246
2020-02-10,-0.2916665397886466,-0.25599054528775356,-0.2449465247597705,-0.25178438599081177,3.229903201158141,2020,2,10,2.437815560263481,-0.572916215564845,271,-0.36582449650695387,-0.5905901707497849,0.1870195500428506
2020-02-11,-0.21096613535112313,-0.24806111037080206,-0.2391367283825842,-0.2773246053605,0.9372162852488667,2020,2,11,0.9593519947053359,0.9848127935713074,272,-0.3650089647345991,-0.5956568506578858,0.08070040443752347
2020-02-12,-0.21224712143812802,-0.22300406685291488,-0.173615291766598,-0.1975117251144907,0.30321493882463657,2020,2,12,-0.04152351588871738,-0.20694153439247456,273,-0.36419842157696064,-0.6021002573208091,-0.0012809860870048873
2020-02-13,-0.2865425960811049,-0.24266915235356143,-0.24236433823810083,-0.23390637871307682,0.08249591846194473,2020,2,13,-0.9065498592294388,-0.7605911324243675,274,-0.36339285724212494,-0.6098650348394535,-0.07429547464297687
2020-02-14,-0.3140831827330107,-0.32132901161214916,-0.3262834209919241,-0.2920101459546259,0.777097143954143,2020,2,14,-0.36207509828249784,-0.31016488522980923,275,-0.3625922619381782,-0.618873070256212,-0.02754058665190584
2020-02-18,-0.28077828102094043,-0.32386648851186006,-0.2778685372529401,-0.32585072928156267,-0.06229031324551726,2020,2,18,0.3840345257818142,0.6751427410593034,279,-0.35943937519300617,-0.6290257410853601,0.03330490171207029
2020-02-19,-0.22505673636450604,-0.2629684867103133,-0.2349406142821171,-0.26647017049309946,0.03454015906471532,2020,2,19,0.6513706507125921,0.6188416970445114,280,-0.3586634781647985,-0.6401999944195877,0.05572154465643439
2020-02-20,-0.2333830229582024,-0.2655059636100242,-0.25204741375226025,-0.2294368772128944,0.21825428275981473,2020,2,20,-0.1254787256141143,-0.04741713954034796,281,-0.3578924914159975,-0.6522491115246982,-0.008326286593696358
2020-02-21,-0.24619239386234318,-0.2845365591997434,-0.2391367283825842,-0.2364604496232288,-0.19450049591303867,2020,2,21,-0.17933406731116963,-0.13186870556253585,282,-0.3571264051546893,-0.6650062193798303,-0.012809370904140777
2020-02-24,-0.4005476575679835,-0.3955486480370645,-0.38760898945505273,-0.40757928466426685,1.2118132098882186,2020,2,24,-1.8788376435907554,0.1214967276729849,285,-0.35485745137658575,-0.6783002643168169,-0.15435526370564032
2020-02-25,-0.555543536008006,-0.39491415749178277,-0.5328536406720047,-0.3635224183352248,2.2463506567570515,2020,2,25,-2.003545304078775,-2.7968968919947077,286,-0.3541108691461124,-0.6919743833751795,-0.1549958784400225
2020-02-26,-0.6477723252626653,-0.5842691020042271,-0.6367842971424624,-0.5786981190668022,1.8013218902570705,2020,2,26,-1.2821926921489701,-0.9858024590069179,287,-0.35336913844356355,-0.705898936873476,-0.09222878925465927
2020-02-27,-0.7758679877629268,-0.7114573059480921,-0.8446454867868072,-0.8021741837556283,3.7163018935256398,2020,2,27,-1.8434836387344458,0.421780883085474,288,-0.3526322494770253,-0.7199712667093698,-0.1280956625002615
2020-02-28,-0.6849201845952724,-0.7032106257584998,-0.8233429431059085,-0.816221206622216,2.481849512831771,2020,2,28,1.3433218967057292,1.9607363056998062,289,-0.3519001924545839,-0.7341193416389309,0.09094780316765438
2020-03-02,-0.750249001932408,-0.7165320186926919,-0.7755736059973419,-0.6731965399069374,2.023453376208822,2020,3,2,-0.9689606545352022,-1.0984117069437676,292,-0.3497329151327049,-0.7483074230029266,-0.06532881733713558
2020-03-03,-0.7380797570776969,-0.7101885671810595,-0.7652451071493356,-0.6751119711354705,1.0466738595721383,2020,3,3,0.15468287444257905,-0.891964995885215,293,-0.3490200879675145,-0.7625254516685953,0.012169244854711048
2020-03-04,-0.6426486255773608,-0.6366034213014259,-0.7407149536129202,-0.6808585080907289,1.8597945621125993,2020,3,4,1.3851767404880486,0.5906875903915411,294,-0.3483120437868524,-0.7767757142811067,0.09543113150033611
2020-03-05,-0.7912395748633146,-0.7488842489057796,-0.7607264046785157,-0.7102295899174833,0.8409388868138683,2020,3,5,-2.1293405442132487,-1.1547163262202507,295,-0.347608772798805,-0.7910616671260752,-0.14859094928595384
2020-03-06,-0.8251848466470516,-0.8224693947854133,-0.8588471421207479,-0.8532543785868429,1.0148763661605973,2020,3,6,-0.5413807064466251,0.4499314144767564,296,-0.3469102652114587,-0.8053857717749183,-0.03394527178373696
2020-03-09,-1.0499927490660117,-0.955049556746519,-1.0073195258442555,-1.0275656796729875,1.2387011090534503,2020,3,9,-3.494257752416608,-0.2820125708996227,299,-0.3448432249344884,-0.8197463167290837,-0.2248079024189601
2020-03-10,-0.9987545333827373,-0.9842298188802596,-1.0815556563804898,-0.9656309286587942,1.1424747635915504,2020,3,10,0.8625345937805362,-0.44153875807453985,300,-0.3441636730308089,-0.8341296248066551,0.05123821568327436
2020-03-11,-1.1736050832335918,-1.0933389207287971,-1.171284534865968,-1.0652373687266494,1.7176290496908624,2020,3,11,-2.9759271634554136,-1.539453839977715,301,-0.34348883556826176,-0.8485130147444603,-0.17485054985085446
2020-03-12,-1.4060986568713882,-1.3121912521202124,-1.3972206589812264,-1.3621412589786885,2.651404945320875,2020,3,12,-4.356352511222527,-0.5822967356959983,302,-0.34281870275493337,-0.8628797950620232,-0.23249357363779644
2020-03-13,-1.4067391499148907,-1.304579061841547,-1.4604828673356074,-1.314253530831083,2.6345914995137556,2020,3,13,-0.040198512176385835,-1.2954725115189218,303,-0.34215326479891006,-0.8772160102822867,-0.0006404930435024436
2020-03-16,-1.554689605516864,-1.515184834205135,-1.5915257405675798,-1.5607157439794452,2.8957785098858904,2020,3,16,-3.225606423458377,0.15903135445711192,306,-0.3401850221555329,-0.8914837335476735,-0.14795045560197329
2020-03-17,-1.643075681173224,-1.590038718851801,-1.66188871461788,-1.558800190796831,3.158692812514526,2020,3,17,-2.155191357387719,-1.1640986386741945,307,-0.3395382657095924,-0.9056142003826502,-0.08838607565635992
2020-03-20,-1.4880799250645593,-1.3629397079051484,-1.4940504264591945,-1.408751951671218,4.5648448505676384,2020,3,20,3.9792567850052687,-1.0984117069437742,310,-0.3376258325905348,-0.9194976968425423,0.15499575610866456
2020-03-23,-1.4195487648412688,-1.4365248544191365,-1.550857292451503,-1.501973459648861,2.119186209597436,2020,3,23,1.5437830873013265,1.2757128535909552,313,-0.335754948169435,-0.9329987207477534,0.06853116022329053
2020-03-24,-1.163997932884248,-1.1758049956541283,-1.3016819847640935,-1.2887134334154755,3.0311539768855216,2020,3,24,5.548965714814622,1.8856652691926579,314,-0.3351405073774617,-0.9459797827522609,0.2555508319570208
2020-03-25,-1.1768074261197468,-1.0736738352281505,-1.1906505619521848,-1.1756983656159863,2.5179780001278385,2020,3,25,-0.26356480807090615,0.03703978468242875,315,-0.3345306439398289,-0.9583092402125947,-0.012809493235498737
2020-03-26,-1.0531950919521667,-1.0743082046116672,-1.1603104893875438,-1.1488812333838059,1.5703071869861729,2020,3,26,2.2802163597572007,1.454007240935438,316,-0.3339253480646227,-0.9698710042557307,0.1236123341675801
2020-03-27,-1.1069952798094511,-1.1003167409895913,-1.2061433105469606,-1.1986845147140257,1.4814579961370122,2020,3,27,-0.9613491407443141,1.3977044139817487,317,-0.33332460995992974,-0.9805768060204038,-0.053800187857284465
2020-03-30,-1.0717690219387093,-1.077480050894894,-1.1906505619521848,-1.166120844888084,1.2630789037080035,2020,3,30,0.6046936721858167,1.4352390313819825,320,-0.33154964434979156,-0.9903723588666044,0.03522625787074185
2020-03-31,-1.0660047068785443,-1.0863609793062374,-1.086719905481727,-1.075453407820593,1.72261522339682,2020,3,31,0.07486729028858637,0.18718187646450787,321,-0.33096703940801353,-0.9992299503443152,0.0057643150601649484
2020-04-01,-1.2261242850038714,-1.1804357824738543,-1.2229271511115074,-1.1552662880666023,1.3322301557699772,2020,4,1,-2.829009277168408,-0.9858042419458187,322,-0.3303889432771799,-1.007141472758437,-0.16011957812532707
2020-04-02,-1.3375674966480977,-1.2798391430688898,-1.3397683696550708,-1.2504032266342755,1.1024747591688435,2020,4,2,-2.168843827791474,-1.220401465627884,323,-0.3298153461653771,-1.0141133388148453,-0.11144321164422633
2020-04-03,-1.3926486712328656,-1.3692831587824261,-1.4256240916546148,-1.3321316600628987,1.5052656992586317,2020,4,3,-1.1630970797020206,-0.8262780641547947,324,-0.3292462382806914,-1.0201473315525424,-0.05508117458476791
2020-04-06,-1.1896170410461244,-1.2233816051558375,-1.2797338938072456,-1.3065915626472915,1.0049976158660294,2020,4,6,4.321636033326885,1.7730596059013826,327,-0.3275657520701992,-1.0252274464468938,0.2030316301867412
2020-04-07,-1.2056289988586573,-1.0952419077175808,-1.1783854238584577,-1.0626832984550003,1.1531533437979953,2020,4,7,-0.32743252373922127,-2.046184697064873,328,-0.32701450317484443,-1.0293243069839952,-0.01601195781253284
2020-04-08,-1.1287715526821487,-1.1099589611258605,-1.1596649427571264,-1.187191440165006,1.1304432795979942,2020,4,8,1.432855796488067,0.9097417476802695,329,-0.3264676945470383,-1.0323958598524545,0.07685744617650858
2020-04-09,-1.1178834162457998,-1.0457623112270882,-1.1164144320614824,-1.0671529219092635,1.1324258367199875,2020,4,9,0.17115862907959772,-0.6949023989872735,330,-0.3259253163948668,-1.0343691412586202,0.010888136436348894
2020-04-13,-1.061521378545863,-1.09714501586813,-1.1157688854310648,-1.1207870650580465,0.15232787683189894,2020,4,13,0.9896546096897563,0.91912406013421,334,-0.32379991270425446,-1.0351250974882362,0.05636203769993675
2020-04-14,-1.0768928433148932,-1.0533745008713988,-1.08071643343129,-1.0594908317713911,0.8290945970550069,2020,4,14,-0.2947364454976587,-0.20694153439247456,335,-0.3232795400515512,-1.0345050956694617,-0.015371464769030174
2020-04-15,-1.0986691155471124,-1.115541241439978,-1.1177054020257466,-1.1348342105172182,-0.35400700153057996,2020,4,15,-0.4098509692941029,0.581305287321487,336,-0.32276353912300043,-1.03234472284463,-0.02177627223221923
2020-04-16,-1.1230072376219837,-1.0990481233843241,-1.1164144320614824,-1.1099326308291488,0.10272991346666645,2020,4,16,-0.4602836447074741,-0.14125280095537385,337,-0.3222519001266884,-1.0285159976136642,-0.024338122074871293
2020-04-17,-1.0608808855023606,-1.052105762104366,-1.064771815170411,-1.0154340880349328,0.9571099270995982,2020,4,17,1.0968795235851956,-0.6198331454190228,338,-0.32174461327070153,-1.02296740156648,0.06212635211962314
2020-04-20,-1.0487117636194851,-1.054008870254915,-1.0880109987425621,-1.1188716344680163,0.7949486668809328,2020,4,20,0.18603901963261787,1.0786520396319144,341,-0.32024876762555415,-1.0157238620072284,0.012169121882875444
2020-04-21,-1.1127595948696158,-1.0927045513452809,-1.10737690317774,-1.0914159838697948,-0.1627115113303472,2020,4,21,-1.1366791600644126,-0.26324437073005696,342,-0.31975879141173047,-1.006876670915794,-0.0640478312501307
2020-04-22,-1.0455094207333302,-1.0666960143330015,-1.0486335205907498,-1.0614063849540054,-0.14311567848935725,2020,4,22,1.1823625738346826,0.28102112252511485,343,-0.31927311837866323,-0.9965835715290992,0.06725017413628565
2020-04-23,-1.039745106313644,-1.0229254999706254,-1.00144521243853,-1.0116031036237856,0.3498007767770551,2020,4,23,0.07339769640474769,-0.36646772156739166,344,-0.3187917387344388,-0.9850725184676657,0.005764314419686167
2020-04-24,-0.9654496316706669,-1.0013574274811952,-1.007965072474673,-1.0269271619454494,-0.1911480173462345,2020,4,24,1.2552565784239447,0.9472763744643965,345,-0.31831464268714355,-0.972614900052759,0.07429547464297714
2020-04-27,-0.9276614016259151,-0.9442655201846266,-0.9259179886414607,-0.9483913171545161,0.7508559157814929,2020,4,27,0.5998586168593127,0.34670805425553197,348,-0.316908958207695,-0.9594996193632345,0.037788230044751736
2020-04-28,-0.9250994294519052,-0.8592619683595847,-0.9292101161710481,-0.8679399191809688,0.38305327992190474,2020,4,28,0.01526861722230297,-0.7981257498246082,349,-0.3164488986289788,-0.9460051470085457,0.0025619721740099966
2020-04-29,-0.8450396403892416,-0.8484779317976922,-0.8665935777436552,-0.8679399191809688,0.4600496721833542,2020,4,29,1.2726179121895536,0.3748603685857185,350,-0.3159930736876233,-0.9323765525834745,0.08005978906266353
2020-04-30,-0.9154922791025615,-0.908741685377488,-0.9040344160042152,-0.8998650712793725,-0.2370531489906725,2020,4,30,-1.1239021280075163,-0.1881733248390191,351,-0.3155414735917146,-0.9188133216048662,-0.07045263871331986
2020-05-01,-1.0359022703839866,-0.9931108684533685,-0.996022646047869,-0.9873400416632542,-0.3055662388889144,2020,5,1,-1.9703296002265343,-0.6667518769798775,352,-0.31509408854933885,-0.9054685070087786,-0.12040999128142515
2020-05-04,-1.0980286225036098,-1.0977793852516462,-1.108667996438575,-1.0875849994586475,0.046537607742872425,2020,5,4,-1.0957814278303646,-0.10371818355513988,355,-0.31377712582427353,-0.89245903571032,-0.06212635211962314
2020-05-05,-1.056397557169679,-1.0445569730498774,-1.0531522237071014,-1.0435282557221892,0.6674353577384771,2020,5,5,0.7156225593590904,-0.1412546026620541,356,-0.31334650307689305,-0.8798596525150808,0.041631065333930684
2020-05-06,-1.0724095149822117,-1.0984137540008077,-1.0938207944742169,-1.0914159838697948,0.6973098558299733,2020,5,6,-0.3051225212658899,0.32793984470207654,357,-0.31292004642347737,-0.8677197615089108,-0.016011957812532618
2020-05-07,-0.8732207200846497,-0.8706803736706386,-0.9150084614826393,-0.9573303207933835,3.348065307394714,2020,5,7,3.472680605832734,1.2757128535909552,358,-0.31249774607211234,-0.8560755100351954,0.19918879489756203
2020-05-08,-0.7540917148902296,-0.766011856872361,-0.7820289483594143,-0.7664179259304993,3.9631345096282353,2020,5,8,1.855898861925943,0.2153341907946877,359,-0.31207959223088444,-0.8449531645900124,0.11912900519442005
2020-05-11,-0.8277468188210616,-0.8240553788250867,-0.7968761496782408,-0.8053666504392374,0.3027299355802004,2020,5,11,-1.124100997041299,-0.29139667567635374,362,-0.31084991184888644,-0.8343745444583845,-0.07365510393083197
2020-05-13,-0.7393607431647019,-0.7812362367953366,-0.8343169885843326,-0.7849345722513504,2.0759953943560703,2020,5,13,1.3388190169114038,0.7032968383283907,364,-0.310050677959822,-0.8243617866450776,0.0883860756563597
2020-05-14,-0.7540917148902296,-0.7825049749280149,-0.8078501951566647,-0.7702490316572246,0.8535404623403582,2020,5,14,-0.24437400484241792,0.271638810071171,365,-0.30965719754922877,-0.8149395602393079,-0.01473097172552773
2020-05-15,-0.7745870016759219,-0.7920203938846399,-0.7852565582149309,-0.7874886431615025,0.2611047448471901,2020,5,15,-0.3318138765268151,0.22472007851031958,366,-0.30926779510537683,-0.8061338179427489,-0.020495286785692235
2020-05-18,-0.700932142407805,-0.5947360144552439,-0.6948820098024648,-0.6955440493233574,2.0977014167518,2020,5,18,1.082206385572385,-0.04741713954034796,369,-0.30812395765513045,-0.7979601061963882,0.07365485926811688
2020-05-19,-0.7150224987584728,-0.721606973126468,-0.7032739920557894,-0.6968210841399307,-0.22614483040528427,2020,5,19,-0.23117118866324637,-0.2350920563998705,370,-0.30775076915910593,-0.7904184134279447,-0.014090356350667799
2020-05-20,-0.6458509684635155,-0.6727616248577264,-0.6413030002588138,-0.668727038406755,-0.12717864205376275,2020,5,20,0.9857406409514374,0.36547626380899073,371,-0.3073816096702538,-0.7834857608646908,0.06917153029495726
2020-05-21,-0.6599415694768984,-0.6575372455691051,-0.6638965139039771,-0.6476563211757519,0.10158973040079904,2020,5,21,-0.22606612179895605,-0.15064049037768265,372,-0.30701646939666066,-0.7771242936040373,-0.014090601013382886
2020-05-22,-0.6234340808564363,-0.6626119576793504,-0.6574412948384752,-0.6668113632700601,-0.35785299217067,2020,5,22,0.494402319712053,0.6657604192214798,373,-0.30665533854641264,-0.7712865938030924,0.03650748862046216
2020-05-26,-0.6407270247559739,-0.5947360144552439,-0.59740681899065,-0.5506038294254647,0.05120895478138892,2020,5,26,-0.26899115740400337,-1.2954725115189218,377,-0.30525071354059763,-0.7659259367454831,-0.017292943899537616
2020-05-27,-0.6202317379702815,-0.658171493790856,-0.687781367403116,-0.6495719956739441,0.39423388103048523,2020,5,27,0.26346021528751334,0.4593173021923849,378,-0.30490948292836967,-0.7610072358243299,0.020495286785692346
2020-05-28,-0.6669866253208747,-0.651828042913578,-0.6413030002588138,-0.6189236351224545,-0.07908674139493721,2020,5,28,-0.6814298116294315,-0.6761359817566052,379,-0.3045722029880047,-0.7565028725634477,-0.04675488735059319
2020-05-29,-0.5280029493561001,-0.5661900005432541,-0.6296834081499726,-0.6648959320415271,4.212928198170546,2020,5,29,1.9625483053666772,2.035807342206961,380,-0.3042388639275886,-0.7523902640720195,0.13898367596477457
2020-06-01,-0.5600268649811655,-0.5699962162099976,-0.554801730983321,-0.5716745466564679,-0.08403037095664592,2020,6,1,-0.4572474483393281,0.1965659718573492,383,-0.3032623941068985,-0.7486501620766203,-0.03202391562506535
2020-06-02,-0.5606672356933105,-0.5680932292212141,-0.548346511917819,-0.5384723591029882,-0.3023158662683073,2020,6,2,-0.03509142173412855,-0.30077899751417736,384,-0.30294472064714206,-0.7452661791912274,-0.0006403707121449553
2020-06-03,-0.5004623620637164,-0.5079562768210625,-0.49153964592551047,-0.5359182888313389,0.014501867123538013,2020,6,3,0.7952593096155887,0.5437688682145727,385,-0.3026309391077663,-0.7422281466155503,0.060204873629594036
2020-06-04,-0.5209576482089308,-0.5122699395299127,-0.48250224033833894,-0.5218713872803292,-0.46439203819847513,2020,6,4,-0.2988990954164372,0.03704158638910568,386,-0.3023210396968572,-0.7395317149558079,-0.020495286145214342
2020-06-05,-0.47100041861266084,-0.4181950152005301,-0.4411882455918447,-0.4509975106731874,0.6391860459572845,2020,6,5,0.6438071338645556,-0.2726284755067814,387,-0.3020150126225014,-0.7371776719991542,0.049957229596269914
2020-06-08,-0.47932646054364203,-0.4742085066612978,-0.4947672557810271,-0.4292883976687271,0.6141785979678491,2020,6,8,-0.13570491634885443,-0.7136688162179416,390,-0.30112006749961595,-0.7351746669910373,-0.008326041930981187
2020-06-09,-0.5107100054565625,-0.5103667108519527,-0.4844387569330207,-0.5039931367329351,-0.6597802750754409,2020,6,9,-0.43997594826189124,-0.07556766154774393,391,-0.3008294318523357,-0.7335401752172912,-0.0313835449129205
2020-06-10,-0.6234340808564363,-0.5439876791977187,-0.6125768552729705,-0.5046317757760513,1.7521663859920253,2020,6,10,-1.5319034721733122,-1.7177446520605097,392,-0.30054261958204,-0.7322999411285253,-0.11272407539987372
2020-06-11,-0.8623325842887792,-0.769500827900818,-0.8304438320983983,-0.7638638550203473,1.9074525125000872,2020,6,11,-3.3783274839827495,-1.4080799671329842,393,-0.30025962089681535,-0.7314834586283274,-0.23889850343234298
2020-06-12,-0.7893179734014497,-0.801535570517734,-0.8207607565842386,-0.7574789222916318,0.40874994304817036,2020,6,12,1.120979426363375,-0.4321528609750249,394,-0.29998042600474784,-0.7311225983739141,0.07301461088732952
2020-06-15,-0.7617776307717812,-0.8053417861844776,-0.8220518498450737,-0.8577238800870254,-0.13027585575507422,2020,6,15,0.3911052207589375,1.444621343835923,397,-0.299165566168351,-0.7312493176967612,0.027540342629668535
2020-06-16,-0.7092581843387863,-0.7108230577263412,-0.7310318780987607,-0.6763890065905465,-0.1279954896233394,2020,6,16,0.7592635310949087,-0.45092107052848035,398,-0.29890148852977527,-0.7318896464372144,0.05251944643299489
2020-06-17,-0.7220677992651643,-0.7472982648661062,-0.6935263988675594,-0.7083141586889502,-0.6852727263093124,2020,6,17,-0.21327718610255048,-0.16940511528556368,399,-0.2986411657247878,-0.7330586109034825,-0.012809614926377999
2020-06-18,-0.7150224987584728,-0.7571309284610176,-0.7071472711927627,-0.7402393107873539,-0.628425240764087,2020,6,18,0.07707043254832988,0.40301268291590164,400,-0.2983845879614754,-0.7347559958661043,0.007045300506691499
2020-06-19,-0.7854752598031501,-0.7203382343594354,-0.741360376946767,-0.6776660420456225,0.5568971621512863,2020,6,19,-1.0571966769200614,-1.5488379353705595,401,-0.2981317454479243,-0.73696349302306,-0.07045276104467735
2020-06-22,-0.7611370153969211,-0.7945578714187052,-0.7955850564174057,-0.7766339643859401,-0.43319016280641687,2020,6,22,0.34188213842384757,0.2622529129716561,404,-0.29739553148670084,-0.739649035103534,0.024338244406229004
2020-06-23,-0.7374393863655521,-0.7717210601622424,-0.7207033798962856,-0.7479012789711454,-0.7878551669219805,2020,6,23,0.32802051523885484,0.18718008414171733,405,-0.2971575320530573,-0.7427635841146403,0.023697629031369072
2020-06-24,-0.9033232795510436,-0.7894829163505745,-0.8585244304538245,-0.7562018868365558,0.5612281560358126,2020,6,24,-2.4792178540002907,-2.121255742955911,406,-0.29692321890960627,-0.7462489932343959,-0.16588389318549157
2020-06-25,-0.8956374860008498,-0.9211115848172884,-0.9162995540979422,-0.9317902233777763,-0.31810825261345593,2020,6,25,0.09695556420318095,0.5719211731608695,407,-0.2966925822644345,-0.7500468913162304,0.007685793550193831
2020-06-26,-0.9577638381204729,-0.947437245940443,-0.9388931916852077,-0.9036960556905198,2.008163010765809,2020,6,26,-1.0191939518492892,-0.7512070182637534,408,-0.2964656123256276,-0.7541005462665753,-0.06212635211962314
2020-06-29,-0.9564829743648257,-0.9912077603028193,-0.9918267778950115,-0.9630768577486419,-0.1774913470423748,2020,6,29,-0.00521473763962152,0.14026135258086594,411,-0.2958066048282616,-0.7583583232602006,0.001280863755647288
2020-06-30,-0.8636135703757843,-0.8960545412994012,-0.8795042624677997,-0.8787944760024505,-0.13601931522866006,2020,6,30,1.5053729562175826,0.2622529129716561,412,-0.2955942037957786,-0.7627760510988929,0.09286940398904131
2020-07-01,-0.905244635709715,-0.8951030478050095,-0.8774384639318356,-0.870493990091121,-0.7887571027800547,2020,7,1,-0.6809563410575787,-0.4696892706980461,413,-0.2953854205100923,-0.7673109529725768,-0.041631065333930684
2020-07-02,-0.8892326778971824,-0.875755207577004,-0.8549739856348137,-0.8666628837258928,-0.6722201828537854,2020,7,2,0.23079318485319258,-0.2913966756763504,414,-0.29518024517928876,-0.7719150792220066,0.016011957812532618
2020-07-06,-0.7713846587897673,-0.7723553083839934,-0.7742825127365072,-0.7338543780586384,1.6601434019819055,2020,7,6,1.850831980753529,-0.5166080022589042,418,-0.2943954275666302,-0.7765353881497261,0.11784801910741516
2020-07-07,-0.7521703587315578,-0.7495184971275306,-0.7336140646204303,-0.7747185337959096,1.0204921932014366,2020,7,7,0.2623903243487095,0.36547626380899073,419,-0.2942081451315359,-0.7811147498398593,0.019214300058209455
2020-07-08,-0.6810772263342577,-0.7235099601152516,-0.7148935835190994,-0.726830805648304,0.1464397672678672,2020,7,8,1.0322397351009465,0.7032968477122737,420,-0.2940244118998421,-0.7855975746505671,0.07109313239730009
2020-07-09,-0.7310344565710055,-0.6924267109927273,-0.7420060468737549,-0.6610648263148017,0.18552932700365002,2020,7,9,-0.7458948957239787,-0.9951883467225497,421,-0.29384421807963523,-0.7899345396779407,-0.04995723023674781
2020-07-10,-0.7316750719458656,-0.7501529870384579,-0.7168301001137811,-0.7313003071484865,-0.7909013276501935,2020,7,10,-0.03579870633898774,0.027655689289590755,422,-0.2936675538790018,-0.7940790644947864,-0.0006406153748600429
2020-07-13,-0.8226229974448778,-0.7469812619169961,-0.7807378550985795,-0.726830805648304,-0.27879746332757943,2020,7,13,-1.3675155310734621,-1.3705435480260768,425,-0.29315864107540346,-0.7979867736783994,-0.0909479254990122
2020-07-14,-0.8732207200846497,-0.8878079822715743,-0.856910625526066,-0.8455922884489706,-0.09356025926837355,2020,7,14,-0.8058946386845953,-0.36646771218350194,426,-0.2929959974339257,-0.8016121011980283,-0.050597722639771914
2020-07-15,-0.7528107294437026,-0.7869454394508637,-0.7794467618377444,-0.7977046822554459,-0.1620818579954652,2020,7,15,1.8761385967328483,0.6939145258744501,427,-0.29283683445245257,-0.8049098518485984,0.12040999064094704
2020-07-16,-0.7822729175574734,-0.811050989474359,-0.7878387440910692,-0.8008971483005523,-1.0032391515958747,2020,7,16,-0.465187759156795,0.30917163514862445,428,-0.2926811423390706,-0.8078349676531765,-0.02946218811377077
2020-07-17,-0.7694633019906174,-0.7967144607667767,-0.7684727170048522,-0.7670563217039563,-0.7847409355629695,2020,7,17,0.16715479724018661,-0.0004984079794965595,429,-0.29252891130186576,-0.810348250490546,0.012809615566856003
2020-07-20,-0.6983701702337952,-0.7263646822876034,-0.7361962511421001,-0.7734414983408336,-0.5673488672805326,2020,7,20,1.0410207083354404,1.1349548759694934,432,-0.2920928867281777,-0.8124231075424622,0.07109313175682219
2020-07-21,-0.7694633019906174,-0.7070168420595977,-0.7245766590332587,-0.666172967496603,-0.5238262077140265,2020,7,21,-1.058531516617075,-1.4831510036401359,433,-0.2919544020765448,-0.8140491487473202,-0.07109313175682219
2020-07-22,-0.762418001483926,-0.7926546421063908,-0.7374870978097939,-0.775995568612483,-0.9149515434507981,2020,7,22,0.07942173222578285,0.2341023909642601,434,-0.2918193295415207,-0.8152249988528761,0.007045300506691388
2020-07-23,-0.7938015463968465,-0.7837737136950474,-0.7598871817293158,-0.7830188977531582,-0.8620776809784092,2020,7,23,-0.4959528790724971,-0.12248996837028668,435,-0.29168765933119123,-0.8159543632337241,-0.0313835449129205
2020-07-24,-0.8572087622721171,-0.861165075875779,-0.8575561721564837,-0.8206907087609012,-0.5092761103809423,2020,7,24,-0.9895807368333747,-0.4978415850282326,436,-0.29155938165364326,-0.8162437701912403,-0.06340721587527054
2020-07-27,-0.8693778847954707,-0.8738520994264548,-0.8394812376855698,-0.8545314140419191,-1.0805418616959155,2020,7,27,-0.2170867998291986,-0.17878922006228806,439,-0.29119480589854985,-0.8160999678064267,-0.01216912252335367
2020-07-28,-0.8809065136348436,-0.8966889106829176,-0.8653024844828202,-0.8813484243200185,-0.842737113002912,2020,7,28,-0.20815589374836863,0.04642210652025899,440,-0.29108000043299,-0.8155283450558114,-0.01152862883937289
2020-07-29,-0.8674564056649634,-0.8954201719158849,-0.838190144424735,-0.873047938408689,-1.2478594721975336,2020,7,29,0.18698640556307208,0.12149493535019437,441,-0.29096853854064264,-0.8145312752030064,0.01345010796988022
2020-07-30,-0.9174137582330688,-0.9322127448557015,-0.8898327613158064,-0.8902875499129671,-0.8354365378498206,2020,7,30,-0.8133972004387577,-0.3570836167906606,442,-0.2908604104295942,-0.8131057432293269,-0.049957352568105406
2020-07-31,-0.9161327721460639,-0.9487059840731208,-0.9017750644460394,-0.9062501259621689,-0.5560151072526566,2020,7,31,-0.005653176853487148,-0.10371818355513988,443,-0.2907556063079313,-0.8112415000364037,0.0012809860870048873
2020-08-03,-0.856568269869093,-0.8931999396544602,-0.8840229649386195,-0.9164661650561123,-0.4937219712435869,2020,8,3,0.9356099606711812,0.9191258524569972,446,-0.29046103996011674,-0.8089241875896567,0.059564502276970965
2020-08-04,-0.7611370153969211,-0.7948748743678152,-0.8123688976274844,-0.8570853623594872,-0.07855919400625229,2020,8,4,1.4689020961885582,1.444623136158707,447,-0.29036943387685754,-0.8061522792262067,0.09543125447217182
2020-08-05,-0.7278321143253288,-0.7647431187396827,-0.7265131756279406,-0.7338543780586384,-0.5014735143257153,2020,8,5,0.4716880312353716,0.1214967276729849,448,-0.2902811028234151,-0.8029463239817178,0.03330490107159234
2020-08-06,-0.6311199967379877,-0.6711758831415837,-0.6806804784106263,-0.7229996992830761,1.3375992267741736,2020,8,6,1.3972300686923573,1.3789344027216162,449,-0.2901960370078761,-0.7993490199572071,0.0967121175873411
2020-08-07,-0.7470464143835382,-0.7406375687161872,-0.7297407854834572,-0.7344927738320955,1.3775651958814814,2020,8,7,-1.65853589904541,-0.15063690573210822,450,-0.290114226638326,-0.7954171153996482,-0.11592641764555056
2020-08-10,-0.7873966166022999,-0.7736240465166716,-0.7904208073161685,-0.7376852398772019,-0.13050559413401766,2020,8,10,-0.6257183136730862,-0.6949041913100606,453,-0.2898882302864745,-0.7912106728308702,-0.04035020221876162
2020-08-11,-0.8552874061134456,-0.8351565394978544,-0.8459365800476422,-0.8257987279886216,0.7392924173746734,2020,8,11,-1.0544951637596576,-0.39462003589757483,454,-0.2898193437817447,-0.7867832256180003,-0.06789078951114569
2020-08-12,-0.8789850351448144,-0.8345220489525728,-0.8433543941715042,-0.8385688379927173,0.042078981425599855,2020,8,12,-0.3974211899339925,-0.5541444213658118,455,-0.2897536637634355,-0.7821804711077873,-0.02369762903136885
2020-08-13,-0.9033232795510436,-0.8909797080273907,-0.8672391243740727,-0.8985880358242966,-0.07696804301134777,2020,8,13,-0.4120243555669695,-0.02864893937077891,456,-0.28969118043963316,-0.7774313598023097,-0.024338244406229226
2020-08-14,-0.9334257160456014,-0.9442655201846266,-0.8998384252003188,-0.9062501259621689,-0.44669367419098094,2020,8,14,-0.5093160168307541,-0.3570836167906606,457,-0.28963188401842443,-0.7725418608165656,-0.030102436494557794
2020-08-17,-0.9660901247141693,-0.9677365796628402,-0.9434118941560276,-0.9285977566941672,-0.3689995579638515,2020,8,17,-0.5586331929262992,-0.5072256991888467,460,-0.2894730182512205,-0.7675024141296122,-0.0326644086685679
2020-08-18,-0.9276614016259151,-0.9461686283351758,-0.9259825063155314,-0.96371537547618,0.5545061812445046,2020,8,18,0.610688669132818,0.5719211731608695,461,-0.2894263715212476,-0.7622954896132313,0.03842872308825418
2020-08-19,-0.9699329600033483,-0.953209849185792,-0.9272735995763662,-0.9222127020113708,-0.7514203617873219,2020,8,19,-0.7131242021059636,-0.6573677722031465,462,-0.2893828627342996,-0.7569050453957493,-0.04227155837743313
2020-08-20,-0.8424777905465894,-0.8675085273874114,-0.9860169821633566,-0.9873400416632542,2.87444687595955,2020,8,20,2.0908133091046097,2.167183016758362,463,-0.2893424820984627,-0.7513181746504792,0.12745516945675883
2020-08-21,-0.8796255281883171,-0.8598963377431009,-0.8418051069178163,-0.8430383394928995,-0.22670641310936823,2020,8,21,-0.6043243228039124,-0.49784159441212233,464,-0.289305219821823,-0.745521542180707,-0.03714773764172763
2020-08-24,-0.8661754195779583,-0.8928828155435851,-0.8640113912219853,-0.8698554723635831,-0.46587257441833285,2020,8,24,0.18684801419234304,0.09334442272669147,467,-0.28921204522795074,-0.7395084724731925,0.01345010861035878
2020-08-25,-0.856568269869093,-0.8998606364387339,-0.8491641899031588,-0.8653858482708167,-1.0912204419023603,2020,8,25,0.12490152583824433,0.16841365752715937,468,-0.28918715846896315,-0.7332852262010087,0.009607149708865337
2020-08-26,-0.7854752598031501,-0.8034387998300484,-0.8265705529614251,-0.8673014014534308,-0.19413461627249912,2020,8,26,1.0875602960369515,1.238176434484041,469,-0.2891653411096047,-0.7268664329998888,0.07109301006594282
2020-08-27,-0.7534513441780848,-0.7806019885735856,-0.741360376946767,-0.7785493956144731,-0.1340027227912677,2020,8,27,0.4581661046874125,0.4030090982703272,470,-0.28914658335796084,-0.7202703832734682,0.03202391562506535
2020-08-28,-0.689403512927954,-0.7254131887932116,-0.7058561785774592,-0.7402393107873539,-0.4301865462224527,2020,8,28,0.9279149737295374,0.7783660918966381,471,-0.28913087542211846,-0.713513563944999,0.0640478312501308
2020-08-31,-0.7002915270329451,-0.7266819275602443,-0.6851991808814464,-0.7006521905051587,-0.6722627269980341,2020,8,31,-0.18377931718386917,0.03704158638910568,474,-0.2891019525902623,-0.7066085192978281,-0.010888014104991073
2020-09-01,-0.6573795973028886,-0.6892549852369111,-0.6848763459179524,-0.7115066253725593,-0.584340998493497,2020,9,1,0.5972245872859951,0.8252848234574894,475,-0.28909834599848827,-0.6995637930998937,0.04291192973005642
2020-09-02,-0.652896268970207,-0.6895719881860212,-0.6755161053672869,-0.6629805014514966,-0.5384954286510073,2020,9,2,0.03752262158567489,0.17779777168777683,476,-0.2890977402629469,-0.6923896331693206,0.004483328332681613
2020-09-03,-0.714382128046328,-0.6746646118465099,-0.6974641963241346,-0.6712808654087452,-0.4758619394879473,2020,9,3,-0.9006060144391076,-0.6010667281883578,477,-0.2891001255917245,-0.6851047186709549,-0.06148585907612092
2020-09-04,-0.7252701421513189,-0.743809293837649,-0.7878387440910692,-0.7191685935563508,-0.45954200575411375,2020,9,4,-0.1856169552765667,-0.05679945199428848,478,-0.2891054921929077,-0.6777302453099395,-0.010888014104990962
2020-09-08,-0.6560986118563616,-0.651828042913578,-0.7484612659392569,-0.7811034665246251,0.9191350239431335,2020,9,8,0.9906123347308876,1.8668970596392023,482,-0.2891565754834192,-0.6702886458348476,0.06917153029495726
2020-09-09,-0.6119056960393003,-0.6264537541230499,-0.6225825191574829,-0.6693654341802121,-0.006625554910408162,2020,9,9,0.6029281549475445,0.8722035456344578,483,-0.2891767015679233,-0.6628018022832327,0.04419291581706131
2020-09-10,-0.5497792215883194,-0.5452564179647513,-0.5528652143886391,-0.5997685930281462,1.071000601253593,2020,9,10,0.8408570322366222,0.7595978823431826,484,-0.28919975017335064,-0.6552856827134058,0.06212647445098096
2020-09-11,-0.48573139033818863,-0.5221023614356477,-0.48418043964359747,-0.5295333554641207,0.36158550473396833,2020,9,11,0.8435742838959528,0.6657604192214798,485,-0.2892257115077872,-0.6477514153094216,0.06404783125013075
2020-09-14,-0.42360491588720767,-0.4678650557840198,-0.43085950079622876,-0.4784531612714087,0.4368971488831659,2020,9,14,0.7946588636604359,0.8252883987191808,488,-0.28932097396601586,-0.6402070475925208,0.06212647445098096
2020-09-15,-0.4543478454252681,-0.4374160548832465,-0.41859448535354055,-0.4241802564869258,0.055412316233168786,2020,9,15,-0.4222442635411264,-0.4227705485210844,489,-0.2893584882973528,-0.6326608053100792,-0.03074292953806046
2020-09-16,-0.4421788452332722,-0.4348785773491812,-0.41084817302720383,-0.45993651431205484,-0.09310929133933644,2020,9,16,0.13235797923384496,0.2810211225251115,490,-0.2893988663981307,-0.6251289163022521,0.012169000191995905
2020-09-17,-0.480607446630647,-0.503071766480283,-0.49153964592551047,-0.5052701715495085,0.05559951046786344,2020,9,17,-0.5250265437307767,0.38424446397856316,491,-0.2894420984764354,-0.6176363563124635,-0.03842860139737475
2020-09-18,-0.4767647330323474,-0.4954595762016179,-0.47540135134584915,-0.4752604506796378,3.8755361166199886,2020,9,18,0.024317851774289728,-0.0004984173633796155,492,-0.2894881747403535,-0.6102004438032567,0.003842713598299574
2020-09-21,-0.517114690588394,-0.5579433203536618,-0.5573839175049906,-0.5576274018357991,-0.3216819607303538,2020,9,21,-0.5575762782642215,0.6188416970445114,495,-0.28964337072665125,-0.6028123508160091,-0.04034995755604659
2020-09-22,-0.6509746675083421,-0.5598465490316217,-0.6232281890844708,-0.5148478148699948,0.45619517271441434,2020,9,22,-1.8190951555624746,-1.9711100759121472,496,-0.28970072581388595,-0.5954326689246753,-0.1338599769199481
2020-09-23,-0.7054154707404867,-0.670541392596302,-0.6684152163747972,-0.6476563211757519,-0.6028051570974693,2020,9,23,-0.799759088934379,-0.8168957423169677,497,-0.2897608761271653,-0.5879868628788689,-0.05444080323214462
2020-09-24,-0.7182250863073426,-0.721606973126468,-0.7013374754611077,-0.6980981195950068,-0.5511395483217458,2020,9,24,-0.21294292148777172,-0.2632461630528409,498,-0.28982381187457573,-0.5803595507225124,-0.012809615566855892
2020-09-25,-0.6471319545505204,-0.689889233458662,-0.6813259017444733,-0.7274692014217612,-1.0334029498682626,2020,9,25,1.0154165231078245,1.2100241201538577,499,-0.2898895232642038,-0.5723911226755465,0.07109313175682219
2020-09-28,-0.5766791935058431,-0.5550888398704864,-0.548346511917819,-0.5614585075625244,-0.0002524421019403064,2020,9,28,0.9727782568859213,-0.1975556466768427,502,-0.29010321336725464,-0.5638834365511404,0.07045276104467735
2020-09-29,-0.5850054794590616,-0.6169383351664249,-0.5912741882955012,-0.57678244456861,-0.5439410791148516,2020,9,29,-0.14078215999177543,-0.09433586171731631,503,-0.29017992940661497,-0.5546183645659654,-0.008326285953218493
2020-09-30,-0.517755305963254,-0.5630182747874379,-0.5470554186569843,-0.5946606951160041,-0.12721267736916178,2020,9,30,0.9012496570940149,1.1537230761390658,504,-0.29025937212862407,-0.5443866330211607,0.06725017349580753
2020-10-01,-0.4754837469453425,-0.47877601468732167,-0.4631360899555514,-0.49377709763899164,-0.31430480611761463,2020,10,1,0.5399288626344105,0.290403434979052,505,-0.29034153174136845,-0.5330157597763037,0.04227155901791152
2020-10-02,-0.43833588761273545,-0.4684993040057707,-0.5044503306496552,-0.5486883981969316,-0.2346706769127406,2020,10,2,0.4624466643998929,1.6416857330566519,506,-0.29042639845293405,-0.5203940549172281,0.03714785933260706
2020-10-05,-0.4754837469453425,-0.4678650557840198,-0.44377018552037345,-0.4401428325361277,-0.8328668715371941,2020,10,5,-0.5076400900254073,-0.4978433773510232,509,-0.2906971432614225,-0.5064848168415846,-0.03714785933260706
2020-10-06,-0.5318459069766369,-0.5078294756414182,-0.49799486499101236,-0.4739836591327236,-0.8344324960455494,2020,10,6,-0.7679830231435771,-0.8262780641547913,510,-0.2907927404491366,-0.49132226035061466,-0.056362160031294406
2020-10-07,-0.49854100526456663,-0.5243225936970721,-0.477015032977037,-0.5110167091432695,-0.7742410407623697,2020,10,7,0.42251561243530744,0.20594829369517278,511,-0.2908909957761038,-0.47499751942083196,0.03330490171207029
2020-10-08,-0.4626741320189645,-0.4786489711841467,-0.43860605971570643,-0.4848380940001242,-0.9078041272170023,2020,10,8,0.45021048910332695,0.3467080542555353,512,-0.29099189945040993,-0.4576386469431586,0.035866873245602116
2020-10-09,-0.4671574603516461,-0.4456627350728388,-0.4237588577513485,-0.42673432675857514,-0.8261534055747359,2020,10,9,-0.08503158971558053,-0.5729126309192705,513,-0.29109544168014145,-0.4393947109040032,-0.004483328332681613
2020-10-12,-0.5318459069766369,-0.4957765797850823,-0.4892802943673347,-0.44908183617499514,-0.5370744542330979,2020,10,12,-0.8745734965616715,-1.1922527359432786,516,-0.2914218017827517,-0.42042824787621114,-0.06468844662499079
2020-10-13,-0.5766791935058431,-0.5801458833883736,-0.5638391365704924,-0.5346412533762628,-0.6312076277979576,2020,10,13,-0.6306001280724588,-0.591680840472726,517,-0.2915358003150479,-0.40089752308825927,-0.04483328652920615
2020-10-14,-0.6055007662447538,-0.5890268117997168,-0.5602886923970133,-0.5684820799728588,-0.6368149460099473,2020,10,14,-0.42244709040241835,-0.5166080116427872,518,-0.29165238844320074,-0.3809321071927759,-0.028821572738910728
2020-10-15,-0.6599415694768984,-0.6702241479580154,-0.6283923148891378,-0.6329707799431233,-0.6328498317659605,2020,10,15,-0.7841192038461221,-0.3664695138901755,519,-0.29177155637529695,-0.3606275410828027,-0.05444080323214462
2020-10-16,-0.6945272126132584,-0.6708586378689428,-0.6548591083168055,-0.6265858472144078,-0.6791463695374874,2020,10,16,-0.5196978493434483,-0.9670342494534624,520,-0.2918932943194227,-0.34004702845090984,-0.034585643136360034
2020-10-19,-0.6625032969881931,-0.6841800308031349,-0.6296834081499726,-0.666172967496603,-0.3065532630354862,2020,10,19,0.4377621741903978,0.08396030856607402,523,-0.2922738303048389,-0.3192240154836485,0.03202391562506535
2020-10-20,-0.528643320068245,-0.546525156731784,-0.5954703023959682,-0.6425484232636097,0.5904559831347271,2020,10,20,1.8853079812656834,1.6979903523331352,524,-0.2924057503779449,-0.29817258649882294,0.1338599769199481
2020-10-21,-0.5997364518250672,-0.578877144621341,-0.573199377121158,-0.5327258221477298,-0.32526417767610144,2020,10,21,-0.9832004805614972,-0.9576519369995219,525,-0.29254019150351196,-0.2768912027032501,-0.07109313175682219
2020-10-22,-0.5036647049498711,-0.5382784765421916,-0.5706171905994883,-0.5857216914771366,-0.7349727956207419,2020,10,22,1.3074540053987067,1.2287959049690045,526,-0.2926771438896263,-0.25536906142127097,0.09607174687519604
2020-10-23,-0.5004623620637164,-0.5319347833413828,-0.5054831066210663,-0.5167632460985279,-0.5888762042704173,2020,10,23,0.01628772358173356,0.2622529129716561,527,-0.29281659774437385,-0.23359821576524553,0.00320234288615473
2020-10-26,-0.5811625218385248,-0.5477936531752858,-0.5573839175049906,-0.5167632460985279,-0.8823372024696802,2020,10,26,-1.0994977431442738,-0.920115517892611,530,-0.2932498702012807,-0.21158241374053177,-0.08070015977480838
2020-10-27,-0.6663462546087299,-0.6137666100449631,-0.6283923148891378,-0.5799751545218782,-0.7818989867271507,2020,10,27,-1.199336325569001,-1.2391678828585555,531,-0.2933992320114248,-0.18934223963237837,-0.08518373277020508
2020-10-28,-0.6990105409459402,-0.7431750456158982,-0.7006918055341198,-0.7006521905051587,-0.6035709516939474,2020,10,28,-0.4936548270908183,0.05580979594256113,532,-0.2935510463306342,-0.16691592862175994,-0.0326642863372103
2020-10-29,-0.6727509403810392,-0.662294713041064,-0.6729339194911487,-0.6949056535499003,-0.7782231726640558,2020,10,29,0.3550126652482686,0.35609395135505023,533,-0.2937053033669944,-0.1443517901063449,0.026259600564900953
2020-10-30,-0.714382128046328,-0.6968671748812217,-0.6842309225841054,-0.6821355435458049,-0.7977168995588487,2020,10,30,-0.6236852355483593,-0.44153875807453985,534,-0.2938619933285923,-0.12169930690859937,-0.04163118766528873
2020-11-02,-0.6247150669434411,-0.6549997680350398,-0.6258101290129995,-0.6668113632700601,-0.3855237035900792,2020,11,2,1.285231971567296,0.6469922096680244,537,-0.2943465628456735,-0.09899649426226217,0.0896670611028868
2020-11-03,-0.5632292072268423,-0.5852205954986189,-0.5554471543171678,-0.5952990908894612,-0.5677572910653209,2020,11,3,0.8368459028708558,0.49685013665372135,538,-0.29451288658908426,-0.07625996274869079,0.06148585971659881
2020-11-05,-0.16677322017453974,-0.2109514126857554,-0.24171891490425387,-0.2722164641786987,0.9611771472897819,2020,11,5,5.390118243813146,1.5572270071271983,540,-0.2948526761809984,-0.05348892810844759,0.39645598705230256
2020-11-06,0.01960595915616596,0.0002888495887599584,-0.13778825843379616,-0.15984003606082858,2.960164817792,2020,11,6,2.144358580298653,2.6363756717997053,541,-0.2950261224456745,-0.030670411302533365,0.1863791793307057
2020-11-09,0.2316043689801056,0.2692551462198295,0.22887381442759425,0.21815364793821476,3.2972505815039663,2020,11,9,2.2826088805470963,0.18718366878729176,544,-0.2955605496116147,-0.007780529643676715,0.21199840982393964
2020-11-10,0.15602790825012383,0.25276202816417553,0.14785950656579366,0.13706397614529128,0.8677672241771516,2020,11,10,-0.7929397080231686,0.2716352254255966,545,-0.2957433554845197,0.015217084141497113,-0.07557646072998178
2020-11-11,0.10671104872552085,0.13604073667132735,0.13914493594211605,0.1357869406902153,-0.31207549295897835,2020,11,11,-0.5391430347645896,-0.43215644562059935,546,-0.29592847677969747,0.038373867453807685,-0.04931685952460298
2020-11-12,0.11759930749322701,0.13286901091551115,0.08362916321064232,0.05086591926240468,-0.564115512317625,2020,11,12,0.08874519663226019,0.9754304811173669,547,-0.2961159037052348,0.06175193291696059,0.01088825876770616
2020-11-13,0.19509712438188065,0.153168345272263,0.1404360292029509,0.16068852037828463,-0.6236092436351247,2020,11,13,0.7898742570802421,0.49685013665372135,548,-0.2963056264692172,0.0854065481062621,0.07749781688865363
2020-11-16,0.29757355638890826,0.29906989889885194,0.3050465842095494,0.26476458453890617,0.5462951614044893,2020,11,16,1.0255256400420403,0.468696030000751,551,-0.2968884718727005,0.10936338402409397,0.1024764320070276
2020-11-17,0.27707827024369386,0.2692551462198295,0.30633767747038426,0.26348754908383015,-0.5312118711556154,2020,11,17,-0.22989071379107917,0.18718008414171733,552,-0.2970872800713277,0.13359407967091289,-0.020495286145214398
2020-11-18,0.2911688712570768,0.29018897048750864,0.29536375528853087,0.2666800157674392,-0.43376876316820034,2020,11,18,0.11449304676505102,0.3467080542555353,553,-0.29728833514883224,0.15801263199448032,0.014090601013382942
2020-11-19,0.30077589927506293,0.2876514935877978,0.3160207529845437,0.2877504890902806,-0.7999206862309357,2020,11,19,0.06924564833763261,0.17779777168777683,554,-0.2974916273132995,0.1824697004842974,0.00960702801798613
2020-11-20,0.24761632679263829,0.3409373057450339,0.29149047615155776,0.34393882510329654,-0.4723222666864485,2020,11,20,-0.5537395718151452,-1.4268463749797695,555,-0.29769714677281656,0.20675886951455663,-0.053159572482424644
2020-11-23,0.3507333741745259,0.3491839859346263,0.3069831008042312,0.25965644335710486,-0.48791894996805274,2020,11,23,1.014179900780192,1.3226333680907074,558,-0.29832697100252736,0.23064448204903384,0.1031170473818876
2020-11-24,0.42887156177532443,0.429747073871174,0.43441125813626325,0.38480298084056774,-0.567127637730439,2020,11,24,0.7367542504149636,0.6282240094984519,559,-0.29854130172310556,0.2538896752389262,0.07813818760079855
2020-11-25,0.39940961832426886,0.38534218949092675,0.39800307255054423,0.4263057762594578,-0.9563725222914142,2020,11,25,-0.30723638060097863,-0.41338823606714387,560,-0.2987578107791642,0.2762814448317516,-0.029461943451055572
2020-11-27,0.3942859186389644,0.3688488297460964,0.4160781296724969,0.40459666325499755,-1.2373680862257834,2020,11,27,-0.0756449334282307,-0.16940512466944674,562,-0.2991973247300701,0.29764940257096834,-0.005123699685304461
2020-11-30,0.3263951297682968,0.35711342085157777,0.308274194065066,0.3592630053790413,-0.4815883813038337,2020,11,30,-0.6804969101178938,-0.4978433773510232,565,-0.29987268837469283,0.3178793098030925,-0.06789078887066757
2020-12-01,0.3244737729691471,0.38280471259121585,0.343132969100527,0.34521586055837256,-0.193649613028063,2020,12,1,-0.04526257891510755,-0.31954719768374973,566,-0.3001020618134491,0.33692424034643065,-0.0019213567991497316
2020-12-02,0.5460792101705949,0.5122131481621509,0.308274194065066,0.2979665281842241,0.6381734953241635,2020,12,2,2.1557554300872837,3.621686873350509,567,-0.30033354504429066,0.3548049255768537,0.22160543720144782
2020-12-03,0.5095719662128478,0.5147506256962161,0.5400201139119795,0.5559218158816058,-0.8303737846842153,2020,12,3,-0.3624070384491742,-0.7042865037640011,568,-0.3005671282753035,0.3715921926666221,-0.03650724395774707
2020-12-04,0.6594439009453287,0.6016571645100418,0.5781064988029571,0.518250126189441,-0.05730413953955976,2020,12,4,1.3682018378051477,2.045193248690359,569,-0.30080280171457363,0.3873796275746299,0.14987193473248084
2020-12-07,0.5915531120746611,0.6022914127317928,0.6387866445777702,0.6382887663992645,-0.7757471034687766,2020,12,7,-0.6311321972483859,-0.713672391479633,572,-0.3015222653627925,0.40226266850984677,-0.06789078887066757
2020-12-08,0.5409552664630533,0.5610584964308926,0.554867315230806,0.49845668832167567,0.2795944299377116,2020,12,8,-0.48596562349069466,0.6000699028454816,573,-0.3017662017159556,0.4163304371353228,-0.05059784561160785
2020-12-09,0.5909127413625163,0.6752423110240299,0.6007002590412612,0.5993400418905264,2.0333151088456902,2020,12,9,0.4342020963893971,-0.15063690573210822,574,-0.3020121793178081,0.4296574655424369,0.049957474899463006
2020-12-10,0.6267793699454033,0.5864325428978897,0.4870865277021754,0.4939871861829906,-0.2274977341923956,2020,12,10,0.2995041306034541,1.9231981036539945,575,-0.3022601883764354,0.44230744884036555,0.03586662858288703
2020-12-11,0.5166172667195393,0.6121240769610586,0.553576468563112,0.630626798215473,-0.5159300145414522,2020,12,11,-1.0168975044610191,-1.6989800177687457,576,-0.3025102190999245,0.4543344899420744,-0.11016210322586395
2020-12-14,0.4416811767017024,0.5115786582512235,0.48321349451281187,0.5540063846530727,-0.3261320782187766,2020,12,14,-0.7221768069730371,-1.6708295051452327,579,-0.30327234334042386,0.4657864403063262,-0.07493609001783691
2020-12-15,0.41221923325064685,0.47256597357739333,0.4593286410136729,0.4805784371357789,-0.45749137800132234,2020,12,15,-0.3061447260683253,-1.0233388687299456,580,-0.30353036280422185,0.47671144079233363,-0.029461943451055572
2020-12-16,0.3795549469134366,0.3999323211921515,0.42188792604968317,0.4205592393041994,-0.28109484711701377,2020,12,16,-0.3393541700768637,-0.6198313624801219,581,-0.30379035497331264,0.4871539759377416,-0.03266428633721025
2020-12-17,0.38852160421927784,0.37582677116865615,0.41414136713020555,0.3828875496120347,-0.2716925912380325,2020,12,17,0.06043446788388269,0.06519210839650164,582,-0.30405231005578315,0.4971508996058045,0.00896665730584123
2020-12-18,0.3878809888444178,0.35362444982312075,0.3721819490498644,0.39693469443270346,0.12540594235126837,2020,12,18,-0.0325381791085317,-0.15064049037768265,583,-0.304316218259719,0.5067347124019808,-0.0006406153748600429
2020-12-21,0.4634574495743996,0.44243397562573,0.3250581585717152,0.28136555636156513,0.057990491374645105,2020,12,21,0.7032790926275363,2.6551438813531605,586,-0.305119563681183,0.5159404305470464,0.07557646072998181
2020-12-22,0.5902721259876562,0.5699394248422358,0.5271094291878348,0.4799400413623218,0.08427426369154391,2020,12,22,1.1700560203541823,1.594763426234109,587,-0.3053911864518438,0.5248073283388952,0.1268146764132566
2020-12-23,0.5857887970144966,0.5528118162413002,0.5961815565704411,0.5878469679800096,-0.8687741292831679,2020,12,23,-0.0670946799068124,-0.05679946137817153,588,-0.30566471338440193,0.5333822009394185,-0.004483328973159617
2020-12-24,0.5326292245320721,0.5233143088349186,0.5509942826869738,0.5750768579759141,-1.4094506408832652,2020,12,24,-0.510044488312485,-0.6479818751036348,589,-0.30594013468694325,0.5417243209944088,-0.05315957248242453
2020-12-28,0.4743457077016278,0.4919138144397534,0.5038704915632933,0.5380438086038708,-0.9208566706725293,2020,12,28,-0.5649900771124965,-0.9576519369995219,593,-0.30706056775866686,0.5499063396017805,-0.05828351683044425
2020-12-29,0.49356000840031516,0.4830328860284101,0.49806069583163837,0.4939871861829906,-1.0840900433262641,2020,12,29,0.1543262237199547,-0.02864892998689252,594,-0.30734531403241894,0.5580088745320191,0.019214300698687348
2020-12-30,0.5499221684316096,0.5375871946291481,0.5464755795706223,0.5188887658710599,-1.1370149587717515,2020,12,30,0.5006028568476264,0.4311632049232976,595,-0.307631895924672,0.5660984845455811,0.056362160031294406
2020-12-31,0.41221923325064685,0.5014289910728476,0.4677206232669975,0.5546447804265298,-0.8167256232092054,2020,12,31,-1.2924910488942483,-2.111869845856393,596,-0.3079203036435121,0.5742248536790578,-0.13770293518096272
2021-01-04,0.4211858905564881,0.44053098863694645,0.37960542641270717,0.4869636137726562,-0.47560667462245465,2021,1,4,0.05956657864676237,-0.9858060342686092,600,-0.30909199694647227,0.5824215855382954,0.00896665730584123
2021-01-05,0.605003097713184,0.5591552677529326,0.4522277520211831,0.40906616475518,-0.12577468529355287,2021,1,5,1.7302174020546552,2.852204685928315,601,-0.3093893869195432,0.5907052084876472,0.18381720715669586
2021-01-06,0.5070099940388381,0.5515430774742676,0.5322738015856427,0.5565604549247221,-0.43763177146598997,2021,1,6,-0.9130244990652447,-0.7512088105865439,602,-0.3096885439677193,0.5990639666043778,-0.09799310367434588
2021-01-07,0.740784676094997,0.6898324420909002,0.6097376646284328,0.5603913173817882,0.0728469065463205,2021,1,7,2.1505739278120752,2.6176110468918243,603,-0.309989458299087,0.6074573596481275,0.23377468205615892
2021-01-08,0.5582482103625909,0.5972167006215474,0.5697147631427735,0.6258379768744811,1.286367568269788,2021,1,8,-1.6156154028658918,-1.0186495048257627,604,-0.3102921201217319,0.6158269100310152,-0.18253646573240612
2021-01-11,0.6421509570457911,0.6105380929213852,0.5961815565704411,0.5437903455591293,0.028286169860144057,2021,1,11,0.7432230361196333,1.4164708218285271,607,-0.31121049261819556,0.6241064833823894,0.08390274668320019
2021-01-12,0.8951399398006373,0.8890198085090797,0.7259333365415787,0.6963925336408134,2.488562978794229,2021,1,12,2.2384411042291625,2.8803587925812857,608,-0.31152004648681375,0.632230768729143,0.25298898275484627
2021-01-13,0.9502211137449268,0.9201032999551348,0.8892527989328738,0.8904975171413878,0.11037084177374806,2021,1,13,0.43346859582066066,0.8346707111731213,609,-0.31183129888714123,0.6401410679324722,0.05508117394428946
2021-01-14,0.7907419063317448,0.9296184765882289,0.8356737887436914,0.9837189025264469,0.3130936891192042,2021,1,14,-1.3384282260831848,-2.871966136179072,610,-0.31214424002726404,0.6477783340254293,-0.159479207413182
2021-01-15,0.7017154599632401,0.7945010800509433,0.7259333365415787,0.8234547462609713,0.0704048726664403,2021,1,15,-0.7908433180774076,-1.8209715781595357,611,-0.31245886011526824,0.655085646831882,-0.08902644636850465
2021-01-19,0.751672690199988,0.7273861855938771,0.7259333365415787,0.7532192654272866,-0.5043750249634824,2021,1,19,0.4133786416731377,-0.05679945199428848,615,-0.31373393410782735,0.6620120617292737,0.04995723023674781
2021-01-20,0.7567966339075297,0.7995757921611887,0.7562734091062195,0.7921679899360247,-0.5085783864152623,2021,1,20,0.01812236286468076,-0.5541444213658151,616,-0.31405680205653397,0.668526351082749,0.005123943707541767
2021-01-21,0.7190084038627778,0.7374090515926093,0.7462029816000273,0.7647123393378034,-0.8040304505653683,2021,1,21,-0.3539005283490075,-0.7042864943801181,617,-0.31438129020163985,0.6746297195115307,-0.03778823004475196
2021-01-22,0.6242176424341086,0.6403528456004076,0.6620255815567804,0.6804299575916116,-0.28171599162304606,2021,1,22,-0.856683710077578,-0.8544285861621872,618,-0.3147073887512317,0.6803562604454435,-0.09479076142866916
2021-01-25,0.6229366569875816,0.5800890920206118,0.380573931303189,0.6325422294440061,1.5323322838297082,2021,1,25,-0.03788144008402734,-0.16940511528556368,621,-0.3156952489077831,0.6857609392998862,-0.0012809854465269943
2021-01-26,0.47114312079323595,0.6435245713562239,0.501933729021002,0.6402041976277976,0.23787564208735396,2021,1,26,-1.3927425424130022,-2.505995039652276,622,-0.31602769115618035,0.6909023343140952,-0.15179353619434566
2021-01-27,0.22712104000694605,0.34791524716759364,0.21919098550657573,0.34330042932983945,0.8850911997152565,2021,1,27,-2.3232172777090994,-1.7177482273222011,623,-0.3163616948494943,0.6958312129682844,-0.2440220807862899
2021-01-28,0.4493670925832539,0.45321813334938765,0.39542113262201545,0.35287782874216406,0.44529536295787586,2021,1,28,2.2312049387218647,1.3977061969206461,624,-0.31669725019581185,0.7005755639288886,0.22224605257630786
2021-01-29,0.4077359049179652,0.38787966702499205,0.37960542641270717,0.38544162052218667,-0.35210953269708417,2021,1,29,-0.42079205688761245,0.3091716445325075,625,-0.3170343474032189,0.7051448953299188,-0.04163118766528873
2021-02-01,0.5249433086505205,0.47732368337288306,0.4903141369121607,0.4805784371357789,-0.6220351102979197,2021,2,1,1.0983069790187296,0.6282240094984519,628,-0.31805479227284095,0.7095425067094228,0.11720740373255534
2021-02-02,0.7619203329523562,0.8027475179170048,0.7188324475490889,0.6714909539527442,0.6301156344034436,2021,2,2,2.1686831176310575,1.294479261437737,629,-0.3183979590054693,0.7137614403697236,0.23697702430183565
2021-02-03,0.8041918919702677,0.8090912111178137,0.838255975265361,0.8477176862674217,-0.7966277694660798,2021,2,3,0.33953307200550364,-0.6761359817566052,630,-0.31874261863961917,0.7177850169201485,0.042271559017911575
2021-02-04,0.8509467793208609,0.7913291119715963,0.7975874038527138,0.7570503711540119,-0.7691782875967643,2021,2,4,0.3736631078464896,1.3413979929985884,631,-0.31908876138337594,0.72159440526314,0.04675488735059319
2021-02-05,0.8977019113341692,0.8457568617162209,0.8789243000848673,0.8662343332267756,-0.6085656342287546,2021,2,5,0.36861741575105134,0.421780883085474,632,-0.31943637744482656,0.7251729154060034,0.046755132013308276
2021-02-08,0.9431758132382354,0.9346934310220052,0.9641344760995254,0.964563859793636,-0.3809970066420086,2021,2,8,0.35300687386778873,-0.3570836074067775,635,-0.32048796761620313,0.7285063563951178,0.045473901904066194
2021-02-09,0.9636710993834497,0.994957184601801,0.959615772983174,0.9141220613743811,0.05354888271507204,2021,2,9,0.14257770629428426,0.6845286287749353,636,-0.32084137902929166,0.7315786508880257,0.020495286145214342
2021-02-10,1.192321837732067,1.1497396672740876,1.1003417217293059,1.1114195109200617,1.1990244401270342,2021,2,10,1.8481823070598786,1.1349548759694934,637,-0.32119621480050475,0.7343702291902232,0.22865073834861727
2021-02-11,1.034123615765412,1.1846293743868863,1.074197763265132,1.1912323911660712,1.5726045707756073,2021,2,11,-1.2500196925820426,-2.355852966637973,638,-0.3215524651379291,0.7368629435810544,-0.15819822196665512
2021-02-12,1.0289999167205854,0.9867105050465631,1.0044802125486787,0.9913808707102384,-0.7039836409499276,2021,2,12,-0.06759904127984728,0.5062360337532362,639,-0.3219101202496515,0.7390497569724109,-0.0051236990448264574
2021-02-16,1.021954616213894,1.010816054435704,1.0383707292867987,1.0488462421783304,-0.635462042222836,2021,2,16,-0.08314220808874201,-0.44153875807453985,643,-0.3233545926012429,0.7409339935963304,-0.007045300506691499
2021-02-17,1.0405285455599584,0.9879792431792414,0.9809184399606433,1.0047896197574502,-0.8688677264005151,2021,2,17,0.12362942445646433,0.47808192710026587,644,-0.3237191247057478,0.742535472534509,0.0185739293460645
2021-02-18,0.9246018832516929,0.9461118369674137,0.9344400728163411,0.9837189025264469,-0.6590740422809112,2021,2,18,-0.95799632631181,-0.9107332054386705,645,-0.3240850028330684,0.7438872167631284,-0.11592666230826554
2021-02-19,0.8855326671199361,0.9567055499637199,0.926887313512216,0.8790044425923683,0.4437893002514689,2021,2,19,-0.34996570981277647,0.055806211296986714,646,-0.32445221719129025,0.7450314929939532,-0.039069216131756845
2021-02-22,0.6882654736842393,0.8071879818054993,0.7140556737364552,0.8406941138570873,0.22837978909102535,2021,2,22,-1.6773922572727615,-2.2713942407085193,649,-0.325561779732229,0.746012706863842,-0.19726719343569676
2021-02-23,0.7324583895013006,0.6974446317352109,0.525172912593153,0.5686919252471986,0.09071544713080983,2021,2,23,0.3641169321829404,2.373627926110244,650,-0.32593424109492064,0.7468781920359274,0.04419291581706131
2021-02-24,0.5985984125813526,0.6200535118780102,0.6394320679116171,0.6612749148588006,0.1485329391649074,2021,2,24,-1.1945172544512148,-0.9482696151616984,651,-0.3263079897289456,0.7476785940410857,-0.133859976919948
2021-02-25,0.4410408059895575,0.5851638041308571,0.45868321767982595,0.6376503706258073,0.35462528273486726,2021,2,25,-1.4546256515235896,-2.909502555285983,652,-0.3266830158423897,0.7484544581811325,-0.15755760659179507
2021-02-26,0.46025510668824493,0.467808264416258,0.44254492310016463,0.47738597045216985,-0.5557598423871638,2021,2,26,0.15615234974046124,-0.2726284661228983,653,-0.3270593096433394,0.7492313689874229,0.019214300698687403
2021-03-01,0.6299819574942731,0.5953134713092331,0.6161928843394661,0.5795463601145991,-0.3744111731122968,2021,3,1,1.5764504686008374,0.7126827354279056,656,-0.328195699252086,0.7500249019280751,0.16972685080602817
2021-03-02,0.6459939153068057,0.6498680222335018,0.6735806559915514,0.6989466045509655,-0.6536369006459165,2021,3,2,0.11748737712595203,-0.8075098546013358,657,-0.3285769658839215,0.7508323800606811,0.016011957812532618
2021-03-03,0.7395036900079921,0.7881573868501345,0.7033398228964155,0.7238481842390347,0.4768375915039244,2021,3,3,0.8098398968739343,0.1965659718573492,658,-0.3289594512436942,0.7516379891183291,0.09350977470118638
2021-03-04,0.54479822408359,0.7475587187709852,0.50709810141881,0.7123551096900154,0.3852996107382406,2021,3,4,-1.7221695238268098,-2.4872268394827035,659,-0.32934314553948996,0.7524033017786239,-0.19470546592440208
2021-03-05,0.702996446050245,0.6631896568568704,0.4554556078243093,0.6184950846233372,0.739828473592208,2021,3,5,1.4304222024331585,1.2100277047994321,660,-0.32972803897939595,0.7530753131121017,0.158198221966655
2021-03-08,0.5531245106772864,0.702519586168987,0.5897260909117983,0.6963925336408134,-0.2526498322722768,2021,3,8,-1.345081988715085,-2.130638055409848,663,-0.33088981624463454,0.7536168474609751,-0.14987193537295862
2021-03-09,0.6844225160637025,0.6834889912136223,0.7078585253672356,0.7283176857392172,-0.48402190635486414,2021,3,9,1.1797555867653233,-0.6761359817566052,664,-0.33127940834184155,0.754017010605164,0.13129800538641612
2021-03-10,0.8400587658563478,0.8579365593865553,0.8079159027007201,0.8055764950750746,0.4352804714017121,2021,3,10,1.3502809386582704,0.4686996240302085,665,-0.3316701506235902,0.7542872150118763,0.15563624979264523
2021-03-11,0.9213995403655382,0.8947290111646068,0.9337946494824941,0.9070984889640468,-0.4754364980454595,2021,3,11,0.6628108653718504,0.16841544984995324,666,-0.33206203329796624,0.7544518527288668,0.08134077450919042
2021-03-12,1.0110663574461878,0.9651424319227786,0.8950625946645286,0.9179531671011064,-0.6842857021627405,2021,3,12,0.7169869389591074,1.322629783445133,667,-0.33245504657305625,0.7545393577736056,0.08966681708064961
2021-03-15,1.0008187146938197,0.961336216256035,0.9918923621424967,1.0060664113043642,-0.6718883385286448,2021,3,15,-0.109337384134332,-0.12248638372471227,670,-0.33364077208347065,0.7545813051920148,-0.010247642752368114
2021-03-16,0.9149946105709916,0.9924197077020901,0.9441231483305005,0.9830805067529899,-0.8505141825715897,2021,3,16,-0.7231825789760868,-1.0421106629289756,671,-0.3340382098422783,0.7546083224850313,-0.08582410412282804
2021-03-17,0.7555156478205248,0.7735672551489098,0.760792112222571,0.796637491436207,0.22365738907941032,2021,3,17,-1.3506886319273117,-0.6385995626496943,672,-0.3344367292422308,0.7546364863934336,-0.1594789627504668
2021-03-18,0.7126034740682311,0.7678580524933827,0.7394894445995703,0.7685434457030312,-0.6079019455784737,2021,3,18,-0.39844651830001865,-0.8544321614238786,673,-0.3348363204914151,0.7546653865915458,-0.042912173752293725
2021-03-19,0.8016301644589731,0.7488274575380178,0.6833282485342497,0.6951154981857375,-0.46671494847445877,2021,3,19,0.754883633017151,1.5290800697653768,674,-0.33523697379791706,0.7546888058571166,0.08902669039074196
2021-03-22,0.7126034740682311,0.776104732682975,0.7562734091062195,0.8081305659852265,-0.7429881123972129,2021,3,22,-0.788568522801831,-1.4362322720792844,677,-0.3364452081421918,0.7547064377267989,-0.08902669039074196
2021-03-23,0.5716984406638289,0.6505025127787836,0.6039278688967779,0.7046931415062239,-0.7120074665552483,2021,3,23,-1.2628425725758043,-1.9804959730116622,678,-0.3368500117588278,0.7547123254620655,-0.1409050334044022
2021-03-24,0.5127743084585247,0.6080006153873199,0.5671325772666351,0.629988158533854,-0.7811587186172219,2021,3,24,-0.564700295075568,-1.745898749329597,679,-0.33725582847321234,0.7546946271844578,-0.058924132205304236
2021-03-25,0.5973174264943477,0.5648644704084597,0.519363116861498,0.4729164689519874,-0.82286048880988,2021,3,25,0.7595697683881806,1.8012101279087784,680,-0.33766264849343286,0.7546253539926875,0.08454311803582304
2021-03-26,0.6498366282646274,0.6263969627552881,0.6303946623244456,0.6267956924887477,-0.7958449572119022,2021,3,26,0.44991225140476937,0.30917163514862445,681,-0.33807046202757496,0.7544500464622108,0.05251920177027969
2021-03-29,0.5627315386952725,0.5978509488432984,0.5871439043901286,0.6516972721768169,-1.119469753683553,2021,3,29,-0.8044224128853227,-1.3330089306258328,684,-0.3392997657943946,0.7540880571179457,-0.08710508956935492
2021-03-30,0.569776839201964,0.5547148032300837,0.573587796332137,0.5361283773753378,-1.1388358481455993,2021,3,30,0.03818179521067561,0.468696030000751,685,-0.33971145546508663,0.7534346254751151,0.007045300506691499
2021-03-31,0.6370270133382494,0.6219564988667937,0.6342679414614187,0.5980630064354503,-0.690990659296349,2021,3,31,0.588404424312299,0.5437688682145727,686,-0.34012408969013186,0.7523698583782171,0.06725017413628542
2021-04-01,0.8349348215083282,0.7773734714500077,0.7136683210988906,0.7034161060511479,-0.3554960465792874,2021,4,1,1.7479462972663304,1.8950475816465984,687,-0.34053765867761676,0.7507681497414556,0.1979078081700788
2021-04-05,0.8221254512446653,0.8274873161622511,0.8318005096067183,0.8624032268615476,-0.7990783121748097,2021,4,5,-0.1350337968683482,-0.6292136655501794,691,-0.34220108641367575,0.7485044578825436,-0.012809370263662911
2021-04-06,0.8637563948877168,0.8636457620420824,0.8653681920268756,0.8138771029404849,-0.7915054544985262,2021,4,6,0.3280870290555037,0.6939109506127588,692,-0.34261918233465183,0.7454592447575114,0.04163094364305153
2021-04-07,0.7894609202447399,0.8090912111178137,0.7872589050047074,0.8572953295879081,-0.8474339865279777,2021,4,7,-0.6518163967181576,-1.0327247658294607,693,-0.3430381542665857,0.7415367736095422,-0.07429547464297692
2021-04-08,0.8496660378965711,0.7970383152614778,0.8253452905412163,0.7698204811581073,-1.1387252333705526,2021,4,8,0.4908208580788373,1.1349548665856104,694,-0.3434579924175625,0.7366807320466302,0.06020511765183123
2021-04-09,0.8400587658563478,0.7932323412839106,0.8163078849540447,0.8126000674854089,-1.076610782767328,2021,4,9,-0.10754191652246105,0.3654762731928738,695,-0.34387868699566937,0.7308824275429675,-0.00960727204022338
2021-04-12,0.9527828412562215,0.9765608378681871,0.9680077552364986,0.9230610650132486,1.1197561905626998,2021,4,12,0.928708156631132,0.3936267858163867,698,-0.34514581137363143,0.7241856965720963,0.11272407539987372
2021-04-13,1.0296402874327302,0.9917852171568085,0.953805977251519,0.9613713937485296,-0.1595632446559372,2021,4,13,0.6055443125112109,0.956658686918337,699,-0.3455698337411204,0.7166848712790163,0.07685744617650869
2021-04-14,0.9393328549772206,1.0228687086028636,0.9957656419250012,0.9907424749367814,-0.33367940940851093,2021,4,14,-0.7541426791645214,-0.7981275421473953,700,-0.34599466357617037,0.7085098845775029,-0.09030743245550954
2021-04-15,1.036045217227277,0.9968601715905846,1.019650248830999,0.9760569343426555,-0.45787427529956143,2021,4,15,0.7716046829095539,0.8346707111731213,701,-0.34642029108686767,0.6997980083896027,0.0967123622500563
2021-04-16,1.0110663574461878,0.9816355499784325,1.0190048254971522,1.0309682349005955,-0.9381210844086859,2021,4,16,-0.2273280386053958,-0.3383189918827796,702,-0.3468467064812992,0.6906897085741995,-0.024978859781089158
2021-04-19,0.8509467793208609,0.9416713724445649,0.8886073755990268,0.9837189025264469,-0.5041027424402902,2021,4,19,-1.3229598260247473,-1.9898818701111771,705,-0.34813058204785885,0.6813190655107285,-0.16011957812532684
2021-04-20,0.6991534877892304,0.8084567205725319,0.7416842784836754,0.856018294132832,-0.3233582000137559,2021,4,20,-1.3086551281063408,-2.3370847570845177,706,-0.3485600510580882,0.6718015167984656,-0.15179329153163057
2021-04-21,0.7177274177757729,0.6866607163350841,0.7007576363747459,0.6644673815424097,-0.9663874138475781,2021,4,21,0.1372545263813163,0.7502155698892421,707,-0.3489902589924829,0.6622288456494123,0.018573929986542503
2021-04-22,0.7503917041129831,0.7513015338479067,0.7381983519842669,0.7187400424187308,-0.5058640700121899,2021,4,22,0.2598738886253086,0.4311632049232976,708,-0.3494211960591289,0.6526735535773129,0.03266428633721019
2021-04-23,0.8560707236688805,0.7976728051724051,0.8156622150270568,0.7640739435643462,-1.2016650403722038,2021,4,23,0.8912913992194023,1.3132474803750755,709,-0.34985285246611286,0.6431936045877295,0.10567901955589742
2021-04-26,0.8355754368831882,0.823681342184684,0.8763423601563386,0.8592107608164411,-1.2354621085634379,2021,4,26,-0.1992531580462732,-0.38523413879805657,712,-0.35115203980995413,0.6338352269974574,-0.020495286785692235
2021-04-27,0.8067538641442775,0.8262188197187493,0.8582673030343859,0.8764503716822163,-0.8470170539143397,2021,4,27,-0.2708443149310947,-1.0608752784529736,713,-0.35158647565915224,0.6246184648455461,-0.028821572738910728
2021-04-28,0.8887350100060908,0.8312935318289947,0.833091602867553,0.7845060217522332,-1.1581934337787962,2021,4,28,0.6745553479261679,1.4915400753967745,714,-0.3520215818891197,0.6155350133121578,0.08198114586181326
2021-04-29,0.6639272299184882,0.8782358931089529,0.6039278688967779,0.9198685983296395,1.746576085437735,2021,4,29,-1.9062847767367554,-3.7915868213538784,715,-0.35245734870794254,0.6065469393587952,-0.2248077800876026
2021-04-30,0.6536795865256421,0.6517712515458162,0.6684810472154231,0.6197721200784132,-0.5228476923963045,2021,4,30,-0.1175253702921816,0.4686996146463254,716,-0.35289376632370706,0.5975829475859838,-0.010247643392846117
2021-05-03,0.6588032855704686,0.6822202524465896,0.7156048376935723,0.6721293497262012,-0.7639283401964644,2021,5,3,0.01936264676114518,-0.22570974394593,719,-0.3542068260335147,0.5885433353747355,0.0051236990448265685
2021-05-04,0.5396745250387635,0.5927762360986986,0.5329192249194897,0.633819264899082,-0.30161814230262723,2021,5,4,-1.0877583260806538,-1.4080781748101971,720,-0.35464574891790956,0.5793200089513626,-0.11912876053170518
2021-05-05,0.42374786273049786,0.5515430774742676,0.44383601636099945,0.5923164694801919,1.7944382477176173,2021,5,5,-1.0954833365346426,-2.496609142552761,721,-0.3550852736396777,0.5698202424632159,-0.1159266623082656
2021-05-07,0.1579492650492736,0.20455092811718475,0.17949067239126937,0.167712092788619,0.4299114003975156,2021,5,7,-2.56436251350239,-0.15064049037768265,723,-0.3559660894276786,0.5599819278589694,-0.26579859768122427
2021-05-10,0.07853009136147017,0.15697431861547573,0.1191333615799502,0.19899860520540383,0.46189608804375143,2021,5,10,-0.8516150222287074,-1.7740492619531099,726,-0.3572915820921365,0.5497773566400217,-0.07941917368780342
2021-05-11,0.10543006263851597,0.08973286593665096,0.027597002493463002,-0.005960812524068373,0.529719962805163,2021,5,11,0.26073766795825853,1.632299835957137,727,-0.35773451220795627,0.5392010013918802,0.026899971277045798
2021-05-12,-0.04828458569226435,0.046279475050795486,-0.03773088110031157,0.08342971104242729,0.785878255327092,2021,5,12,-1.6519777687330872,-1.9335772508346938,728,-0.3581779756177532,0.5282643603724207,-0.1537146483307803
2021-05-13,-0.005372655962207961,0.045962229778154624,-0.01255493498586913,0.025325943800878253,1.1336936522186014,2021,5,13,0.45232530497922036,-0.4509246551740548,729,-0.35862196252961365,0.5170043612978362,0.042911929730056385
2021-05-14,0.18292788016764752,0.14809339020413245,0.07071847784096624,0.02787977080286843,0.2077799144457641,2021,5,14,2.0424872802831477,2.2704045752729094,730,-0.3590664631516238,0.5054810845924685,0.18830053612985548
2021-05-17,0.18869219458733408,0.1626835219053572,0.17787674416694058,0.168989128243695,-0.45999297368315084,2021,5,17,0.03305076098730313,0.2810175378795371,733,-0.36040294935941675,0.4937729382152066,0.005764314419686556
2021-05-18,0.2950115848553763,0.31175704361129314,0.307951605694713,0.3241451433273694,0.45633131397601046,2021,5,18,1.0672691986121967,-0.44153875807453985,734,-0.36084940690288936,0.48197474352572384,0.10631939026804224
2021-05-19,0.3142261295763009,0.28257678084319804,0.23339251689841434,0.18750553129488703,-0.5414905364061217,2021,5,19,0.16461759094228076,1.8481324347313213,735,-0.3612963291969433,0.47019036312416057,0.019214544720924598
2021-05-20,0.3052594722704597,0.29018897048750864,0.3231213953838925,0.31776020996015125,-0.34537904907692657,2021,5,20,-0.11493342032936893,-0.19755563729295963,736,-0.3617437064496649,0.4585280209600878,-0.00896665730584123
2021-05-21,0.2725949412705343,0.29018897048750864,0.3231213953838925,0.31776020996015125,-0.2440474063051726,2021,5,21,-0.3499527514542056,-0.6761359817566052,737,-0.3621915288691402,0.44709392255423724,-0.03266453099992539
2021-05-24,0.3500927587996659,0.3187349850338529,0.3289311911155474,0.30243627359256825,-0.5201418848220818,2021,5,24,0.7494139462489895,0.6845250535132439,740,-0.36353756920895197,0.4359789728085453,0.0774978175291316
2021-05-25,0.3776333454515717,0.39422311790227005,0.4315707549707017,0.392465192932521,-0.506315037941227,2021,5,25,0.2426644362332788,-0.2350956410454449,741,-0.3639870743763054,0.4252521712232246,0.027540586651905785
2021-05-26,0.4199049044694832,0.37963298683539964,0.38767457370253783,0.3656479381077568,-0.5520244665221206,2021,5,26,0.38303935267115685,0.7783660918966381,742,-0.3644369757508443,0.4149688207540194,0.04227155901791152
2021-05-27,0.39364530326410435,0.4005665694139024,0.3205394554553638,0.4371602111268584,2.422006919531431,2021,5,27,-0.27739179981320594,-0.6573677815870328,743,-0.3648872635406548,0.40517058829988933,-0.026259601205378846
2021-05-28,0.40133121914565584,0.40373853685889505,0.43350751751299305,0.38831476736498627,-0.7364022788675011,2021,5,28,0.04771529685568922,0.1731083983997107,744,-0.36533792795382336,0.3958861559194185,0.007685915881551486
2021-06-01,0.41093824716364197,0.39866358242511885,0.3928389461003458,0.44865328503737517,-0.5358491828787328,2021,6,1,0.06601069296453826,-0.5729126309192705,748,-0.3671441560018014,0.387128191997457,0.00960702801798613
2021-06-02,0.39876924761212396,0.38280471259121585,0.43867164396319147,0.4211976350776565,-0.7995888419057952,2021,6,2,-0.14300765636450652,-0.34769771969114566,749,-0.36759655665305346,0.3789016148746523,-0.012168999551518012
2021-06-03,0.26490927005169795,0.3250784359111309,0.308274194065066,0.37267151115659386,-0.6950408618288332,2021,6,3,-1.314346469244854,-1.595756676315294,750,-0.368049275176181,0.37121113154184593,-0.133859977560426
2021-06-04,0.3597000314803671,0.30731657908844434,0.343132969100527,0.31712181418669416,-1.0611842760627188,2021,6,4,0.9248578493575634,0.6094558093288795,751,-0.36850230177927057,0.3640645742482763,0.09479076142866916
2021-06-07,0.396847646150259,0.3707520584240564,0.38702915036869084,0.37650261688331915,-0.5458555656060469,2021,6,7,0.3354221464182245,0.2810175378795371,754,-0.36986313214917343,0.3574675273031687,0.037147614669891915
2021-06-08,0.34048573078167976,0.38217046436946495,0.3166661763183906,0.38991112202236905,-0.27301996853859456,2021,6,8,-0.5689858541145189,-0.741822913487029,755,-0.3703172931529737,0.35141585476295806,-0.05636191536857926
2021-06-09,0.2930902280562266,0.3041446116434517,0.3457151556221967,0.34521586055837256,-0.8735305646101819,2021,6,9,-0.49071091822458884,-0.7793593325939399,756,-0.3707717132771666,0.3458816141740476,-0.047395502725453176
2021-06-10,0.3193498292616054,0.286700000093406,0.3014961400360702,0.3254221787824454,-0.6768660034057526,2021,6,10,0.2347973604422244,-0.10371818355513988,757,-0.37122638272983965,0.3408098755822949,0.02625960120537879
2021-06-11,0.34881177271266095,0.3161975074997876,0.3731502073472053,0.3471312917869056,-0.9150621582258449,2021,6,11,0.26422028467410313,0.008887479736135313,758,-0.3716812917190788,0.33612022792781426,0.029461943451055572
2021-06-14,0.39748826152511907,0.38787966702499205,0.3747641349260027,0.34904696628509785,-0.6334029056411948,2021,6,14,0.449312178830228,0.6939109506127588,761,-0.37304735798705346,0.3317030109340205,0.04867648881245812
2021-06-15,0.3033378714490727,0.2905062157601495,0.3444240623613618,0.3164831751435779,-0.21465791145811258,2021,6,15,-0.9326203573068189,-0.20694153439247456,762,-0.3735031272034188,0.3274260822325221,-0.09415039007604636
2021-06-16,0.27707827024369386,0.27179262375389474,0.2927815694123926,0.3037130651394825,-0.3323179967925498,2021,6,16,-0.28665929220567016,-0.40400233896762894,763,-0.37395908699678126,0.32314514782840753,-0.026259601205378846
2021-06-17,0.3289571013018287,0.28289378379230806,0.29407266202769605,0.27881148545141315,-0.3377976825717932,2021,6,17,0.4922192081669132,0.7220650478818461,764,-0.3744152275752275,0.31871701158063603,0.051878831058134844
2021-06-18,0.3289571013018287,0.31810049448857114,0.32408990027437434,0.3011592381374923,-0.1912671409501311,2021,6,18,-0.026354741721657332,0.3936267858163867,765,-0.374871539146844,0.31401420767390514,0.0
2021-06-21,0.22776141071909092,0.2844797678319816,0.2676058692455597,0.3273378532806376,0.6697157238702119,2021,6,21,-1.0214076413292956,-1.4737686911861954,768,-0.37624140190157496,0.30893675449322744,-0.10119569058273778
2021-06-22,0.28732591363654003,0.2514932893971429,0.25792279373140026,0.2366702948975686,-0.2900546438958077,2021,6,22,0.5785715483018429,0.7314473603357866,769,-0.3766982995267336,0.30341544512550567,0.05956450291744911
2021-06-23,0.38083568833772635,0.34220604451206654,0.3392596899635538,0.2851966620882904,-0.25850390652090943,2021,6,23,0.9053076229407365,1.3883167245594399,770,-0.37715531918549394,0.2974128733123224,0.09350977470118632
2021-06-24,0.4006906037707958,0.39168564100255915,0.41736922293333173,0.4282212074879909,-0.8915607729428167,2021,6,24,0.16574696973500133,-0.4227705579049674,771,-0.3776124510859413,0.2909213209948486,0.019854915433069442
2021-06-25,0.45897412060124004,0.40944773951442215,0.43738055070235665,0.4205592393041994,0.24219812714303043,2021,6,25,0.5341143115162957,0.5437688588306897,772,-0.37806968543616293,0.28395836931938523,0.05828351683044425
2021-06-28,0.4192645337573383,0.4430684661710117,0.4267294634839972,0.45695389290278554,-0.030918261276463875,2021,6,28,-0.40149479904388846,-0.5729126309192705,775,-0.3794419052663347,0.27655386781896096,-0.039709586843901745
2021-06-29,0.396847646150259,0.37582677116865615,0.41866031619416655,0.40906616475518,-0.7468341030373029,2021,6,29,-0.24069807230079449,-0.19755922193853404,776,-0.37989945149651505,0.2687344450867915,-0.022416887607079272
2021-06-30,0.35585707321935245,0.3650428557685293,0.3844469638470212,0.410343200210256,-0.40944202148674563,2021,6,30,-0.42099640784783326,-0.8168957517008507,777,-0.38035705121690055,0.26051646447351057,-0.04099057293090658
2021-07-01,0.385959632045268,0.39485736612402095,0.40445853820918704,0.4014041965713885,-0.43852519849521443,2021,7,1,0.267162019903434,-0.24447795349938542,778,-0.3808146946355777,0.25190736822208554,0.03010255882591556
2021-07-02,0.4576931345142351,0.4091304942417813,0.42834314511518506,0.3816105141569587,-0.7820436368175966,2021,7,2,0.6665888807244829,1.0974184568625827,779,-0.38127237196063324,0.24290558386488303,0.07173350246896709
2021-07-06,0.39940961832426886,0.4221346419033325,0.42898881504217296,0.3835259453854918,-0.12963769359134247,2021,7,6,-0.5771773544767131,0.2153341907946877,783,-0.38310322448635903,0.23351052315656767,-0.058283516189966245
2021-07-07,0.263628284605171,0.35869916256772044,0.3089198639920539,0.3962960553895872,0.14278947969132152,2021,7,7,-1.332576491677848,-1.9617277634582067,784,-0.38356092446459855,0.2237289997629007,-0.13578133371909784
2021-07-08,0.19125416676134388,0.17981112987193848,0.1817500233039137,0.1638809870618937,0.17433170823737007,2021,7,8,-0.7529177076167051,0.3936267858163867,785,-0.38401859959773366,0.21356944546919662,-0.07237411784382713
2021-07-09,0.288606899083067,0.2457840867416158,0.25534060720973056,0.2072992130708142,-0.6364916105136565,2021,7,9,0.9741938319187239,1.1818735981464619,786,-0.3844762400938506,0.20304495786585547,0.09735273232172315
2021-07-12,0.2463353407056334,0.2483215642756811,0.27987088404271654,0.27306494849615476,-0.7435922392455455,2021,7,12,-0.44734568209104214,-0.40400233896762894,789,-0.38584885584095585,0.1921710753432618,-0.04227155837743363
2021-07-13,0.22519968320779626,0.20391667989543386,0.25792279373140026,0.2488020084897043,-0.9868341295735437,2021,7,13,-0.23971878259392324,-0.3570836167906606,790,-0.3863062598698632,0.18096252243241978,-0.021135657497837135
2021-07-14,0.16563518093082508,0.20391667989543386,0.21660879898490606,0.23539325944249262,-0.5993931167287168,2021,7,14,-0.6317842551934397,-1.0327211811838861,791,-0.3867635803021843,0.1694283593400435,-0.05956450227697119
2021-07-15,0.11888004891751677,0.13223452037022942,0.15463780718793044,0.14472594432908276,-0.4812650458075429,2021,7,15,-0.510960000768164,-0.38523771405974794,792,-0.3872208073460053,0.157570875367618,-0.046755132013308304
2021-07-16,0.10414907719198897,0.10876346089201577,0.14560015500761794,0.11535486314083102,-0.3962448279407728,2021,7,16,-0.18143868080696374,-0.16940869993113808,793,-0.38767793120941185,0.1453938215061638,-0.0147309717255278
2021-07-19,0.06379911899546448,0.023569707297507767,0.04392909604294551,0.025964339574335346,-0.1693909419774063,2021,7,19,-0.45326411097732006,0.5531547559302046,796,-0.3890485857980108,0.13290780928317228,-0.040349958196524496
2021-07-20,0.11247536314520742,0.08148618574705858,0.08492025582594577,0.055335420762587094,-0.7683444223694882,2021,7,20,0.4957695255345718,0.8346707111731213,797,-0.38950519902062375,0.12012995265521252,0.04867624414974295
2021-07-21,0.1893328099621941,0.1626835219053572,0.1675482453189342,0.12365522709807959,-0.6745516019586187,2021,7,21,0.7845278032324434,0.9566622715639115,798,-0.3899616601032547,0.1070844032425107,0.07685744681698667
2021-07-22,0.19253515220787087,0.17727365297222758,0.22500078123823067,0.19836020943194674,-0.9632476560020178,2021,7,22,0.006578300805555327,-0.09433587110119937,799,-0.39041795925398937,0.09379966148816021,0.0032023422456767814
2021-07-23,0.1854898517011794,0.1468246520714542,0.19530613200743674,0.19261367247668834,-1.1351345075959551,2021,7,23,-0.09873279867007408,-0.11310408065465481,800,-0.3908740866809135,0.08030929440010136,-0.007045300506691471
2021-07-26,0.14385890805812793,0.1411154487815727,0.16883933857976902,0.1562190188781022,-0.8835029120220969,2021,7,26,-0.45503064941839055,-0.18817333422290217,803,-0.3922413406996901,0.06664952075422242,-0.04163094364305148
2021-07-27,0.08045144752014204,0.08148618574705858,0.06523151707280525,0.12429386677969848,-0.511139543899039,2021,7,27,-0.6883307545246645,-0.6479854691330923,804,-0.3926966833122374,0.052852648253820494,-0.06340746053798589
2021-07-28,0.1009467343058343,0.10070722479542007,0.1326897162310828,0.0821526755873513,-0.28683830659059967,2021,7,28,0.192239875891785,0.2716352254255966,805,-0.39315180524140625,0.03894723296978638,0.020495286785692263
2021-07-29,0.008077330316792843,-0.010495308134897704,0.015848375036480383,-0.03022399643868061,2.3954338470336407,2021,7,29,-1.0099934717456749,0.5625370777680282,806,-0.3936066966952825,0.024962782723690104,-0.09286940398904145
2021-07-30,-0.07070147329934362,-0.04094430903567109,-0.026756712970848664,-0.013622780707859857,-0.058410287290028146,2021,7,30,-0.8878236073135835,-0.8356639612543062,807,-0.39406134788195324,0.010932329860247093,-0.07877880361613646
2021-08-02,-0.0687798718374787,-0.06885583240237919,-0.019978658941852842,-0.031501031893756595,0.31470185777180826,2021,8,2,-0.0047467624707280085,-0.5447585242663001,810,-0.3954237619195915,-0.003107952285786494,0.0019216014618649163
2021-08-03,-0.11361340238892209,-0.10755151349274494,-0.13778825843379616,-0.06598001099415049,1.2542722658485053,2021,8,3,-0.5301499843233335,-0.6949041819261775,811,-0.39587735411830094,-0.017111982573176986,-0.04483353055144339
2021-08-04,-0.17638024819252587,-0.16210606505136813,-0.15392655301345748,-0.12089131155209046,1.7092308356161525,2021,8,4,-0.7432051805671791,-0.8075098546013358,812,-0.3963306570902354,-0.0310029211781853,-0.06276684580360378
2021-08-05,-0.09568008841771754,-0.04601902114591644,-0.23268126272394138,-0.26136202931129815,3.2325154116150165,2021,8,5,0.9169125151548101,2.439314857840668,813,-0.39678366104348184,-0.044672739445511894,0.08070015977480834
2021-08-06,-0.018182270888585976,-0.0279399196849434,-0.006745138608682822,-0.05448693644513105,0.22408283052189817,2021,8,6,0.8529818586691699,0.5343829711150578,814,-0.39723635618612674,-0.05799639615271692,0.07749781752913157
2021-08-09,-0.0841514589378665,-0.07012457116941183,-0.03514869522417327,-0.025754494299995552,-0.30997381223308845,2021,8,9,-0.7544263321008848,-0.8544285861621872,817,-0.39859249083131143,-0.07084434334180632,-0.06596918804928054
2021-08-10,-0.06813950112533382,-0.07202755815819538,-0.03256650870250359,-0.05704100735528302,0.3228107716656265,2021,8,10,0.1545703793277908,-0.16002280283162315,818,-0.3990438528124107,-0.08308737158150813,0.016011957812532687
2021-08-11,-0.09503947304285752,-0.11896991943815352,-0.11325798160081021,-0.07555765367613422,-0.09489614539778538,2021,8,11,-0.32856076508645465,-0.2820107879607219,819,-0.3994948570233394,-0.09460580479728332,-0.026899971917523705
2021-08-12,-0.11745636064993678,-0.15290789136738397,-0.10163838949196899,-0.110675272458147,-0.5388017464895986,2021,8,12,-0.28065110410064587,-0.09433587110119937,820,-0.39994549367218424,-0.10530123043574947,-0.02241688760707926
2021-08-13,-0.15012064698714703,-0.148784672117176,-0.10034729687666552,-0.11450637818487232,-1.2152791665318148,2021,8,13,-0.39993234569922,-0.5166080116427872,821,-0.40039575296703056,-0.11509759671949302,-0.03266428633721025
2021-08-16,-0.19623516362559534,-0.22744453074140933,-0.18684856550662707,-0.18091075329183173,-0.3112416277317022,2021,8,16,-0.5601318760837376,-0.21632384684641506,824,-0.40174416880844577,-0.12393804763504726,-0.046114516638448316
2021-08-17,-0.22825907925066072,-0.24710961687641028,-0.2049233766809702,-0.2294368772128944,-0.21416439938482668,2021,8,17,-0.4034637289693,0.027655689289590755,825,-0.4021928207681631,-0.13178379487440653,-0.032023915625065374
2021-08-18,-0.23594475046949703,-0.24393789112059408,-0.19072184464360023,-0.23135230844142748,-0.7827328519544269,2021,8,18,-0.11796381542744568,-0.05679945199428848,826,-0.40264104641431464,-0.1386108167531347,-0.007685671218836315
2021-08-19,-0.3012735678066327,-0.3029329065677117,-0.27399550406357653,-0.2754091741319669,-0.03488337552045055,2021,8,19,-0.8073249086191223,-0.36646592924460114,827,-0.40308883595498535,-0.14440908605009578,-0.06532881733713569
2021-08-20,-0.2955092533869461,-0.33591914267901957,-0.29142464531093176,-0.31308086318562905,-0.4084805238267231,2021,8,20,0.04431783195211359,0.27163880068728796,828,-0.4035361795982624,-0.14918021957991265,0.005764314419686611
2021-08-23,-0.22825907925066072,-0.27248366334340746,-0.3172460154047525,-0.3571374856065093,0.9376672531779038,2021,8,23,0.7962991713041223,1.9044334787461135,831,-0.40487543722459174,-0.15293573110661288,0.0672501741362854
2021-08-24,-0.2814188963958005,-0.26423722547734596,-0.2443008548327826,-0.22305194448417892,1.871213410428973,2021,8,24,-0.6599912151502955,-0.8450462643243637,832,-0.40532089935915616,-0.1556938017659442,-0.05315981714513976
2021-08-25,-0.19303282073944067,-0.20714519701901188,-0.23978215171643114,-0.26519313503802344,0.30776716225925643,2021,8,25,1.0489277790192189,1.0692679348551866,833,-0.4057658666367572,-0.1574773146455471,0.08838607565635981
2021-08-26,-0.25259732365688975,-0.21792935410831515,-0.2075055625571085,-0.19815012088794778,-0.46015464143129625,2021,8,26,-0.7269336336855459,-0.7887452296934548,834,-0.4062103292654826,-0.1583116554251797,-0.05956450291744908
2021-08-27,-0.2481139946837302,-0.2578935322765371,-0.21008774907877817,-0.25944659808276505,-0.7886720144915572,2021,8,27,0.02758405403435785,0.17779777168777683,835,-0.4066542774534181,-0.15822730860104112,0.004483328973159562
2021-08-30,-0.3185665117061703,-0.29405173583283756,-0.29981662756425637,-0.25625388812949684,0.5645551081160675,2021,8,30,-0.8725086891011276,-0.90135089298473,838,-0.407982937453347,-0.15726152152938266,-0.0704525170224401
2021-08-31,-0.347388084445081,-0.3235492432392192,-0.29884836926691544,-0.3054186517321784,0.2990541215171055,2021,8,31,-0.3821275229383385,-0.6010667281883578,839,-0.40842472995898493,-0.15545430924131748,-0.028821572738910728
2021-09-01,-0.25259732365688975,-0.23537396565836083,-0.25075632049142543,-0.29456421686477785,0.4175480720788189,2021,9,1,1.1571928903029536,0.6282240094984519,840,-0.4088659590642649,-0.15284894245569766,0.09479076078819126
2021-09-02,-0.20263984875742677,-0.22300406685291488,-0.20769936217246104,-0.24539945326209628,-0.19025459031701003,2021,9,2,0.5746821331587219,0.6376099065979669,841,-0.40930661497727305,-0.14949072883038722,0.04995747489946298
2021-09-03,-0.2718116243555771,-0.24108316894824233,-0.22751713691927433,-0.21538973239222564,-0.6327562346486133,2021,9,3,-0.84287904026467,-0.8168957517008507,842,-0.4097466879060945,-0.14543195011148108,-0.06917177559815033
2021-09-07,-0.2314614221368154,-0.27248366334340746,-0.22235276452146635,-0.26200042508475524,-0.6103184529718045,2021,9,7,0.46270931050647135,0.4593137175468105,846,-0.4115009539412475,-0.14073272992183,0.040350202218761705
2021-09-08,-0.2878235821681098,-0.25599054528775356,-0.25333826041995416,-0.23901452053338076,-0.566812811062998,2021,9,8,-0.6989816869822276,-0.7042865037640011,847,-0.41193796507043423,-0.1354603620213,-0.056362160031294434
2021-09-09,-0.26989026755642737,-0.28073034353299986,-0.25269283708610724,-0.28690224868098635,-0.7335518212028325,2021,9,9,0.19236187283739378,0.2622529129716561,848,-0.4123743344639519,-0.12969544028717878,0.01793331461168246
2021-09-10,-0.29935221100748294,-0.2883425331773105,-0.2510789088617784,-0.25370006112750665,-0.7360789433712103,2021,9,10,-0.3831823224656233,-0.6573677722031498,849,-0.4128100523298883,-0.12352704664283216,-0.029461943451055572
2021-09-13,-0.2878235821681098,-0.2655059636100242,-0.29013379864323785,-0.2766862095870429,0.509460441313892,2021,9,13,0.11488410875839668,-0.15063691511599128,852,-0.41411319884306796,-0.11704571044525837,0.011528628839373112
2021-09-14,-0.35571437103877734,-0.3346506462355177,-0.33596649586055216,-0.2996721141384173,1.1772758735870559,2021,9,14,-0.8543580318587055,-0.8075134392469102,853,-0.4145462126795396,-0.11033645347240092,-0.06789078887066752
2021-09-15,-0.3896596434629925,-0.40442957644840777,-0.36630632247758343,-0.3571374856065093,0.6370928740602443,2021,9,15,-0.45160434124452203,-0.4603069676279953,854,-0.41497852602886054,-0.10347526002991735,-0.033945272424215134
2021-09-16,-0.32304984003885195,-0.3619279213804749,-0.3656608991437365,-0.4018327470705058,0.2120938906725908,2021,9,16,0.8195932043384925,1.1724912856925214,855,-0.41541012909911745,-0.0965164026282059,0.06660980342414052
2021-09-17,-0.30831886831332417,-0.32672121131856624,-0.28819703545541514,-0.2996721141384173,0.7899284578595762,2021,9,17,0.15580609038215054,-0.11310408065465481,856,-0.41584101209839597,-0.08949097233201438,0.014730971725527786
2021-09-20,-0.30575689613931434,-0.32703821426767626,-0.3243469043972423,-0.36479945379030077,1.0666866250267664,2021,9,20,0.005142884283483433,0.8815894427339728,859,-0.4171292427512281,-0.0824004747777571,0.00256197217400983
2021-09-22,0.01960595915616596,0.0789487082129933,0.0552258531882928,0.01957940684561985,2.8567314942943565,2021,9,22,3.9697288827972472,-0.0004984173633796155,861,-0.4179842833131415,-0.07522873062048137,0.3253628552954803
2021-09-23,0.05867517528792279,0.0294691117225007,0.061681072253794676,0.048311848352252704,0.28516771283430237,2021,9,23,0.3991644820956288,0.14964724968038087,862,-0.4184106402563652,-0.0679569446607207,0.03906921613175683
2021-09-24,0.13233027921875481,0.10590873871966401,0.09918655213052738,0.055335420762587094,0.5596199873832085,2021,9,24,0.765094270721702,1.125572563515553,863,-0.41883620858521486,-0.060579215582760346,0.07365510393083202
2021-09-27,0.1720398660626565,0.13033153401580028,0.15721974711645917,0.13897940737382436,0.013055366219079354,2021,9,27,0.38981498908282225,0.47808192710026587,866,-0.4201080839663829,-0.05310667286028707,0.03970958684390169
2021-09-28,0.09069909091298817,0.10305425823648869,0.1294618604279566,0.1345099052351393,0.07032829320679249,2021,9,28,-0.86764728656388,-0.6479854597492093,867,-0.42053039991859964,-0.045567250352537156,-0.08134077514966834
2021-09-29,-0.0028106837881981665,0.07323950555746621,0.03521427947165834,0.08981464377114279,0.14619301123122427,2021,9,29,-1.02022248282227,-1.3611594432493457,868,-0.42095187829687464,-0.03800279319873534,-0.09350977470118634
2021-09-30,0.0151226308234843,-0.0006626439056318172,0.006810969449308825,0.007447692614981513,-0.5301652852070954,2021,9,30,0.17050003336877262,0.11211083995735303,869,-0.4213725093092924,-0.030453455847020833,0.017933314611682467
2021-10-01,0.1592302511362785,0.1189131280703917,0.13139862361577934,0.08438742665669383,0.21671418473800877,2021,10,1,1.5456341994213947,1.0927255083128251,870,-0.4217922831639407,-0.022962202840202527,0.1441076203127942
2021-10-04,0.07404676238831061,0.09227034283636185,0.09331223807927037,0.11982436464101343,-0.11003335192150275,2021,10,4,-0.9111368841363342,-0.6761359817566052,873,-0.42304636386212957,-0.015570720364571551,-0.0851834887479679
2021-10-05,0.06700146188161915,0.044693733334652805,0.10267247862993588,0.08406810681588439,-0.8889570713147911,2021,10,5,-0.10166147957652971,-0.25386026595332595,874,-0.4234626111665618,-0.00832366852228513,-0.007045300506691457
2021-10-06,0.1566682789622687,0.11447266418189725,0.08040155335512568,0.04703505680533852,0.16909877849476962,2021,10,6,0.9343993046499863,1.6041457386880498,875,-0.42387795235365444,-0.0012725487840070545,0.08966681708064955
2021-10-07,0.21431142508056802,0.18158731568107783,0.20240702099992652,0.19452910370522142,0.26209176899376185,2021,10,7,0.5728813834258807,0.2810211225251115,876,-0.42429237763149596,0.005526528567766667,0.05764314611829932
2021-10-08,0.2053447677747268,0.22231302726340216,0.24856255318073475,0.22262339334655898,-0.4170148791630292,2021,10,8,-0.1178176378291289,-0.2632461536689578,877,-0.4247058772081713,0.012010235189736892,-0.00896665730584123
2021-10-11,0.11055400698653556,0.15824305738250838,0.1630295428481141,0.19836020943194674,-0.5568659901376323,2021,10,11,-0.9960858103714972,-1.2954725021350388,880,-0.42594072381206494,0.018104706764281817,-0.09479076078819124
2021-10-12,0.13809459363844137,0.10622598399230487,0.15496039555828345,0.11088536100214595,-0.8914841934831688,2021,10,12,0.2643998246509512,0.3936267858163867,881,-0.4263504226649393,0.023727164090198132,0.027540586651905813
2021-10-13,0.11823967820537189,0.10305425823648869,0.14108145253679785,0.10641561559380174,-0.7765979863537522,2021,10,13,-0.2340400343066039,0.1684154592338363,882,-0.42675914685707994,0.028788676142083823,-0.019854915433069484
2021-10-14,0.1739612228618063,0.1626835219053572,0.1991794111444099,0.15238791251287423,-0.3716117684207268,2021,10,14,0.560393945331034,0.3091716445325075,883,-0.4271668865965721,0.03319924809458951,0.055721544656434405
2021-10-15,0.24313299781947872,0.21977554972933688,0.23145600030373253,0.21176871520949928,-0.1956747142943051,2021,10,15,0.6886221569296612,0.44993140509287,884,-0.42757363209150223,0.036867042382745935,0.06917177495767243
2021-10-18,0.1605112365828055,0.16331801181628455,0.19336961541275496,0.1970831746153734,-0.26161813787992044,2021,10,18,-0.8612821104425306,-0.5447621182957576,887,-0.42878780518978465,0.03970228790075055,-0.08262176123667322
2021-10-19,0.1592302511362785,0.1468246520714542,0.192724192078908,0.16643505733354302,-0.5429625637971296,2021,10,19,-0.03965440197181333,-0.11310407127077175,888,-0.4291904757873306,0.04161783512062938,-0.0012809854465269943
2021-10-20,0.09198007699999307,0.13730947543836,0.1404360292029509,0.1632425912884366,-0.6220351102979197,2021,10,20,-0.7248674937188229,-1.051492975382916,889,-0.42959210318074637,0.04253218368498453,-0.06725017413628544
2021-10-21,0.12208263582590867,0.13730947543836,0.11396923577528317,0.08789921254260971,-0.6075615924244834,2021,10,21,0.2934509056389205,0.49685013665372135,890,-0.4299926775781173,0.04237417864048067,0.0301025588259156
2021-10-22,0.06059653208707257,0.07133651856868266,0.09524875467395216,0.08981464377114279,-0.308203975832339,2021,10,22,-0.6729683437263199,-0.43215644562059935,891,-0.43039218918753064,0.0410861367246148,-0.0614861037388361
2021-10-25,0.07404676238831061,0.04405924278937107,0.0814988470006075,0.06874392654013962,-0.8445750200344595,2021,10,25,0.11807726576033509,0.0745779961121335,894,-0.43158424936888684,0.038627815926140584,0.013450230301238035
2021-10-26,0.09326106308699797,0.1468246520714542,0.13591732608659943,0.10769265104887774,-0.28841243992780463,2021,10,26,0.17902561138130052,-0.21632384684641506,895,-0.43197941190733213,0.03498108325239215,0.01921430069868736
2021-10-27,0.010639301850324728,0.07450824432449885,0.026499708847980724,0.11982436464101343,0.35043043011193714,2021,10,27,-0.9037360467423402,-1.6051425640309258,896,-0.4323734626982503,0.030149134293293984,-0.08262176123667324
2021-10-28,0.003594001343633271,0.002318637757187706,0.040572204891677933,0.025964339574335346,-0.6902844265018191,2021,10,28,-0.10332823114725141,-0.32893309478326466,897,-0.4327663919497289,0.0241550608061166,-0.007045300506691457
2021-10-29,-0.04764421498011947,-0.03650384451282225,-0.011909511652022179,-0.006599208297525468,-0.39125014540596553,2021,10,29,-0.5875383716112801,-0.6010667375722409,898,-0.433158189869854,0.017044477706896592,-0.05123821632375274
2021-11-01,-0.013058327181044297,-0.02223071639506192,-0.006745138608682822,-0.03341646312228968,-0.1614522046605832,2021,11,1,0.3593607700093646,0.29978933207856695,901,-0.4343266977229676,0.008889721654790383,0.03458588779907517
2021-11-02,-0.10720871725709065,-0.06504985905916648,-0.09189079694927023,-0.01617685161801183,0.4357569658172985,2021,11,2,-1.0635753252977669,-1.3330089212419498,902,-0.43471387239853976,-0.00020846867749969457,-0.09415039007604635
2021-11-03,0.07404676238831061,0.05611189695653055,0.061681072253794676,0.04703505680533852,1.3289287301762716,2021,11,3,2.038909621847793,0.3936267858163867,903,-0.4350998667831898,-0.010116456095138103,0.18125547964540126
2021-11-04,0.0452251896493999,0.07323950555746621,0.07975613002127874,0.06044356258289104,0.7676353262732134,2021,11,4,-0.33442657212163024,-0.22570974394593,904,-0.4354846710850033,-0.020671673703603025,-0.028821572738910707
2021-11-05,0.16819690844211974,0.21343209885205888,0.1843322098255834,0.18559010006635396,1.9366207777970537,2021,11,5,1.301147584720779,-0.2632461536689578,905,-0.4358682755120673,-0.031693405463442445,0.12297171879271984
2021-11-08,0.08493477649330161,0.14397017158827885,0.13333513956492976,0.15877308914975152,0.20221514037802316,2021,11,8,-0.8886144814394235,-1.0890293851059438,908,-0.4370117916256233,-0.04299360737042319,-0.08326213194881812
2021-11-09,0.06059653208707257,0.03835004013384398,-0.004808622014001033,0.08406810681588439,0.9110856718512635,2021,11,9,-0.2855408630322548,-0.3477013043367201,909,-0.4373904986345505,-0.05439203281185156,-0.02433824440622904
2021-11-10,-0.07582517234417016,-0.007957830600832418,-0.07452617337598569,0.01957940684561985,0.9215770578230137,2021,11,10,-1.4912858390951704,-1.3986958623562566,910,-0.4377679568091599,-0.06572756658691684,-0.13642170443124274
2021-11-11,-0.08223010213871673,-0.10501403659303406,-0.08485467157846072,-0.08130419126989526,0.3766376229691881,2021,11,11,-0.09850956408345704,-0.009880720433437075,911,-0.43814415635753745,-0.07686505575500559,-0.006404929794546571
2021-11-12,0.03561791696869865,-0.015570020245143056,-0.011909511652022179,-0.0653416152206934,0.5890860616899163,2021,11,12,1.3043312760903516,1.482157762942834,912,-0.43851908748776847,-0.08769242337061879,0.11784801910741538
2021-11-15,-0.06109420061864236,-0.00732358237908151,-0.01255493498586913,0.032987911984669736,-0.2715479411475866,2021,11,15,-1.073850706005575,-1.379927652802801,915,-0.4396361724504505,-0.09811969514946103,-0.09671211758734101
2021-11-16,0.07660848989960525,0.08148618574705858,0.07142866544202482,0.06044356258289104,1.9858188262063476,2021,11,16,1.5167552366305375,0.23409880631868568,916,-0.44000593198896154,-0.10807555237210566,0.13770269051824763
2021-11-17,-0.029070284993576986,0.01678196764441388,0.009393155970978503,0.04895048803387159,0.1833680844758118,2021,11,17,-1.1549606425633798,-1.1453304291207358,917,-0.44037437414975855,-0.11749919671546624,-0.10567877489318224
2021-11-18,0.027932245749862313,-0.003200121439697105,-0.011586676688528235,-0.004045381295535291,0.42191310127874415,2021,11,18,0.6051805430146567,0.4686996146463254,918,-0.4407414891409267,-0.1263453449927753,0.0570025307434393
2021-11-19,-0.02138461377474065,-0.041578557257421996,-0.016428214122842268,-0.042355466122654506,-0.12047368492015437,2021,11,19,-0.5619336255664972,0.30917163514862445,919,-0.4411072671705538,-0.1345920183439053,-0.04931685952460296
2021-11-22,-0.12578264724363314,-0.06187789097981945,-0.12584583136146096,-0.04044003553262407,0.7210239618342456,2021,11,22,-1.1798503082238148,-1.2485537799580704,922,-0.4421964815710464,-0.14223959619484802,-0.10439803346889248
2021-11-23,-0.12065870289561355,-0.14180673069461627,-0.13907935169463098,-0.14132338910147474,-0.4068893728318186,2021,11,23,0.0324260413145694,0.3091716445325075,923,-0.44255681383536905,-0.14930174626542628,0.005123944348019591
2021-11-24,-0.15908730429298829,-0.19065207896335795,-0.16231828867364115,-0.16558657301608698,-0.49037800150563243,2021,11,24,-0.46637301380359203,0.10272851811952946,924,-0.44291576017858114,-0.155804127751543,-0.03842860139737474
2021-11-26,-0.2590020087887212,-0.30166416780067906,-0.3217647178755726,-0.31818876109777117,1.069749803412679,2021,11,26,-1.1867186301822494,0.8815894427339728,926,-0.4436294559340199,-0.16178435380876252,-0.09991470449573292
2021-11-29,-0.31152121119947884,-0.26169974794328066,-0.32111929454172566,-0.2256057714861691,0.41208540395727505,2021,11,29,-0.6597710297445867,-1.2485537799580704,929,-0.4446893603610076,-0.16729007363828852,-0.05251920241075764
2021-11-30,-0.420402573001053,-0.3441658228686119,-0.433764521635861,-0.34117490955730745,2.7557657311631423,2021,11,30,-1.3666595495313676,-1.1453304291207358,930,-0.44503978554736956,-0.1723852818138585,-0.10888136180157415
2021-12-01,-0.5472172494143096,-0.37271183678060177,-0.5134877362368268,-0.32840480019171464,2.0791351522016304,2021,12,1,-1.6572514934652454,-3.1910185011450167,931,-0.4453887562692256,-0.17714955538109795,-0.1268146764132566
2021-12-02,-0.41271690178221665,-0.44280801226613264,-0.471528072208876,-0.5135707794149188,0.7986074632863281,2021,12,2,1.798466128594171,1.5009259631124063,932,-0.44573626273466127,-0.18167743000245654,0.13450034763209295
2021-12-03,-0.5581055081820158,-0.4780147229623958,-0.548346511917819,-0.45802108308352174,2.085627388613995,2021,12,3,-1.890235137306685,-1.445614593917108,933,-0.44608229515176356,-0.186077904931023,-0.14538860639979911
2021-12-06,-0.3890190280881325,-0.4240946619490543,-0.5367269198089778,-0.5518808648805407,1.1748848926802742,2021,12,6,2.27858878088404,2.4111643452171547,936,-0.4471114501939297,-0.19046593858047894,0.16908648009388327
2021-12-07,-0.4152786292935113,-0.32703821426767626,-0.3869635661212058,-0.33159726623682106,1.4943148365289949,2021,12,7,-0.3597663702199361,-1.2110173702350426,937,-0.44745148849855987,-0.19495356674198913,-0.02625960120537879
2021-12-08,-0.36852374194291815,-0.3784210394361288,-0.3708252715415445,-0.4018327470705058,0.5792158202241984,2021,12,8,0.5736719925552454,0.5062360243693532,938,-0.447790003795288,-0.19963928181057017,0.04675488735059313
2021-12-09,-0.44986451645210856,-0.42346017203812697,-0.40536121225904287,-0.39289374343163835,0.009651834679176628,2021,12,9,-1.0506029001234798,-0.8168921670552763,939,-0.4481269862921997,-0.20460314014583772,-0.08134077450919042
2021-12-10,-0.5055863057712581,-0.4761117359736122,-0.4611995733608696,-0.45865947885697883,0.24498902300575065,2021,12,10,-0.7517443362054081,-0.6667536693026647,940,-0.4484624261973815,-0.20990102285395773,-0.055721789319149506
2021-12-13,-0.5657911794008521,-0.5751979718234176,-0.572876542157664,-0.5371953236479121,1.3200029687128767,2021,12,13,-0.828700031394139,-0.3946200358975715,943,-0.4494593924434116,-0.21555710999354474,-0.060204873629594036
2021-12-14,-0.46779807572650617,-0.43931904187203,-0.5515741217733356,-0.5965761263445372,1.923874552180118,2021,12,14,1.3139484410676339,1.913815791200054,944,-0.4497885640625374,-0.22156110619994276,0.09799310367434594
2021-12-15,-0.431290587106044,-0.4440767510331653,-0.48508418026686767,-0.4905846309553826,1.2534554182789286,2021,12,15,0.4524734078832416,0.8909753304496046,945,-0.4501161441303645,-0.2278828557505438,0.03650748862046216
2021-12-16,-0.43961687369974034,-0.43126280577543474,-0.4279547259042061,-0.4050252137541149,0.731506838977146,2021,12,16,-0.13391591715422926,-0.4884574896353913,946,-0.4504421228549802,-0.23447965736272092,-0.00832628659369633
2021-12-17,-0.31280219664600584,-0.3409940971127957,-0.452807591107545,-0.47206798463453137,2.3966591183880057,2021,12,17,1.6175199434218899,2.3548597259406714,947,-0.45076649044447015,-0.24128547744052425,0.1268146770537345
2021-12-20,-0.31152121119947884,-0.33154232106952364,-0.36630632247758343,-0.39225510438852207,0.44861380620928104,2021,12,20,-0.010578154046222399,1.2006418076999172,950,-0.4517298284830482,-0.24821218581746998,0.0012809854465269943
2021-12-21,-0.16613260479967973,-0.20904818400779543,-0.25398393034694206,-0.3047802559587213,0.46831174499646805,2021,12,21,1.7633459465699475,2.045193248690359,951,-0.45204765361289745,-0.255152687248755,0.14538860639979911
2021-12-22,-0.0988824306633943,-0.13609752803908917,-0.1487621806156495,-0.16877903969969604,0.4079416043074435,2021,12,22,0.7567051461807455,1.0317315251321588,952,-0.4523638186480534,-0.2619922855812976,0.06725017413628542
2021-12-23,-0.041879899919955,-0.06504985905916648,-0.0641976745279793,-0.09982083759074645,-0.09512588377672881,2021,12,23,0.6211817877318191,0.8534389207265768,953,-0.45267831379660084,-0.2686387255285807,0.057002530743439306
2021-12-27,-0.102725388924409,-0.07202755815819538,-0.060324395391006154,-0.07364222244760113,0.45978589848901175,2021,12,27,-0.7035368835364857,-0.4227705579049674,957,-0.4539193996864359,-0.2750339911052484,-0.060845489004453995
2021-12-28,-0.1296253602014548,-0.1037452978260014,-0.09389207716563226,-0.12727648818896775,-0.11915481644844206,2021,12,28,-0.3323594434184172,-0.028645345341318105,958,-0.4542253985232376,-0.28113545093087217,-0.026899971277045798
2021-12-29,-0.13474930454947437,-0.155128122994454,-0.12520040802761404,-0.11961427609701447,-0.593300795272291,2021,12,29,-0.08521842797586889,-0.2163274314919895,959,-0.4545296687219498,-0.28691571677627004,-0.005123944348019577
2021-12-30,-0.12193968898261845,-0.12911958661652945,-0.10034729687666552,-0.14706992605673314,-0.7968575078450232,2021,12,30,0.12107892349230856,0.3748585762629313,960,-0.4548322004906571,-0.2923636982410393,0.01280961556685592
2021-12-31,-0.1686945763332116,-0.1430754694616489,-0.1177766840716303,-0.13174598968915016,-0.777236148517484,2021,12,31,-0.5619623183661644,-0.5353762118123596,961,-0.45513298403744695,-0.29748778632386624,-0.04675488735059316
2022-01-03,-0.03931792838642312,-0.061560888030709415,-0.12035887059329999,-0.13493845637275925,0.27293201694835206,2022,1,3,1.4815419055359713,1.4070885093745866,964,-0.4560247474271728,-0.30231939443435785,0.1293766479467885
2022-01-04,-0.009215613582744744,-0.03650384451282225,-0.07581702004367959,-0.02320042402834622,0.6776374435293355,2022,1,4,0.30836517343248043,0.20594829369517278,965,-0.45631844016715517,-0.3069206970146899,0.030102314803678372
2022-01-05,-0.08479182965001139,0.03327532802359863,-0.057742208869336474,-0.01936931766311826,0.47796926574094206,2022,1,5,-0.8578258328847562,-0.9576519369995219,966,-0.4566103357256508,-0.3113781007860791,-0.07557621606726665
2022-01-06,-0.16228989120138018,-0.0821772253365713,-0.1797476765141373,-0.09471269640894514,0.8128427339519714,2022,1,6,-0.902236908417582,-0.9858060342686092,967,-0.4569004243107466,-0.3157900149997464,-0.07749806155136879
2022-01-07,-0.19559479291345044,-0.17288997981714055,-0.16490047519531081,-0.16558657301608698,0.16970290534310234,2022,1,7,-0.4136028682996272,-0.43215644562059935,968,-0.45718869613052826,-0.3202642817709557,-0.03330490171207026
2022-01-10,-0.12578264724363314,-0.16274031327311902,-0.23203583939009442,-0.19878876056956668,0.5873162252891669,2022,1,10,0.7955449487647912,1.078650247309127,971,-0.4580425130788557,-0.3249128029744486,0.0698121456698173
2022-01-11,-0.06045382990649748,-0.07646826437022065,-0.10099296615812203,-0.14260042455655073,-0.06129478027009571,2022,1,11,0.7230833429038532,1.2100241201538577,972,-0.4583234199182451,-0.3298469435005555,0.06532881733713566
2022-01-12,-0.0976014445763894,-0.08090872889306949,-0.07872204088331183,-0.038524360395929186,-0.3307778987707439,2022,1,12,-0.4425391709818027,-0.8638144738778191,973,-0.45860246103275326,-0.3351721406103724,-0.03714761466989192
2022-01-13,-0.10848970334409555,-0.09232713420412367,-0.06645702608615503,-0.08002715581481927,-0.4842601535626573,2022,1,13,-0.1499855498865085,-0.41338823606714387,974,-0.4588796266304658,-0.3409833537584058,-0.010888258767706147
2022-01-14,-0.19559479291345044,-0.16844951592864613,-0.21944798962944367,-0.14004635364639875,0.24985607310781155,2022,1,14,-1.0193121160161802,-0.8075134392469102,975,-0.45915490691946736,-0.3473657238500275,-0.0871050895693549
2022-01-18,-0.39414297179567415,-0.28009609531124896,-0.3475860879693934,-0.23199094812304638,1.1905836819080755,2022,1,18,-2.363866147570059,-2.3652352697080303,979,-0.460236979150106,-0.3543908291124055,-0.1985481788822237
2022-01-19,-0.4293692303068942,-0.4114075178709675,-0.428600149238053,-0.40757928466426685,1.0781650351450884,2022,1,19,-0.47454535736988457,-0.3007789881302943,980,-0.4605026860168544,-0.3621136782367783,-0.03522625851122008
2022-01-20,-0.431931202480904,-0.36383090836925847,-0.38760898945505273,-0.4024711428439629,-0.09881020666867352,2022,1,20,-0.059424752644311886,-0.4133882454510269,981,-0.46076644882341,-0.3705774480422565,-0.0025619721740097745
2022-01-21,-0.5523411931218513,-0.4932393445745479,-0.5105827153971945,-0.45865947885697883,1.612885366550356,2022,1,21,-1.5822542665894437,-1.3517771307954052,982,-0.46102825777786105,-0.37981748650516123,-0.12040999064094726
2022-01-24,-0.530564920889632,-0.5680932292212141,-0.6613145739754483,-0.6182852393489975,2.2446488909871003,2022,1,24,0.2697504536261304,1.3132474709911925,985,-0.46180186360944164,-0.3898627308764311,0.02177627223221923
2022-01-25,-0.6240746962312963,-0.5890268117997168,-0.5964385606933091,-0.5825289815238684,0.5697199672278698,2022,1,25,-1.2859479095367323,-0.5822985280187855,986,-0.46205575923633235,-0.40072398031796413,-0.09350977534166427
2022-01-26,-0.6253556816778233,-0.5515998688420294,-0.6006344288461666,-0.5442188966967492,0.562819307030717,2022,1,26,-0.04433334624277556,-1.1640986292903082,987,-0.4623076520515492,-0.41238601170954736,-0.0012809854465269943
2022-01-27,-0.6708295835818895,-0.6080574067550817,-0.6335566872869458,-0.5889141581607457,0.2727363138848076,2022,1,27,-0.6649468285260117,-1.1734809511281317,988,-0.46255753226317786,-0.42479789103339216,-0.045473901904066194
2022-01-28,-0.5990960811129223,-0.6442156109457365,-0.7065016019113061,-0.6655345717231459,0.43613986311553754,2022,1,28,1.0019825363434969,1.0035809937408797,989,-0.46280539007930566,-0.437879069526806,0.07173350246896715
2022-01-31,-0.4588311737579498,-0.4970453179177606,-0.5457643253961494,-0.5908295893892788,0.0015259031276588682,2022,1,31,1.9204552295416548,1.9607381074064798,992,-0.4635367312355396,-0.45152850028120317,0.14026490735497255
2022-02-01,-0.38133335686929615,-0.4231429267654861,-0.42311318846989204,-0.44461233403631006,-0.27325821574638776,2022,2,1,0.9862929920721246,0.9472763744643965,993,-0.46377640155052235,-0.46562576008770673,0.07749781688865365
2022-02-02,-0.4735623901461927,-0.42853512647190317,-0.43408735659935493,-0.38714720647637996,-0.2799631728799961,2022,2,2,-1.1937243821219368,-1.2485537799580704,994,-0.46401400051043584,-0.4800359091582324,-0.09222903327689658
2022-02-03,-0.6420080102025009,-0.5477936531752858,-0.6103175037147947,-0.5435802570151304,0.7922343504778603,2022,2,3,-2.241018147801707,-1.417464062525829,995,-0.46424951832336525,-0.4946085474515986,-0.16844562005630814
2022-02-04,-0.48124806136502907,-0.5087809691358101,-0.6064442245778215,-0.6125387023937391,0.867962927240696,2022,2,4,2.2481982587599663,1.9513522103069647,996,-0.46448294519739663,-0.5091793423939529,0.1607599488374718
2022-02-07,-0.44986451645210856,-0.40125785069259157,-0.4369921314913776,-0.48579580961439073,0.6315110823348038,2022,2,7,0.3876014096965734,0.5484618167643301,999,-0.46517058226696895,-0.5235796582671454,0.0313835449129205
2022-02-08,-0.3986263007688337,-0.4317068522277194,-0.43925148304955336,-0.4688755179509223,0.2532425869900148,2022,2,8,0.6406674223312918,1.0504997253017312,1000,-0.4653955474662732,-0.5376506700536022,0.05123821568327486
2022-02-09,-0.28013791030879553,-0.31561980832226766,-0.361142196027385,-0.36926895592898584,2.5299073781751975,2022,2,9,1.4839487843414596,1.322629792829016,1001,-0.46561837276711104,-0.5512529154177367,0.11848839046003817
2022-02-11,-0.5939721367649028,-0.42663189715958877,-0.5986979122514848,-0.4235418607134687,4.227784613342221,2022,2,11,-3.84248210336896,-2.477840932999306,1003,-0.466057564505733,-0.5642719589563858,-0.31383422645610726
2022-02-14,-0.638805667956824,-0.5953702626769949,-0.6090264110994912,-0.5997685930281462,1.8443170024348916,2022,2,14,-0.6472120862649962,-0.5447621089118746,1006,-0.4667000580773273,-0.5766230128151909,-0.04483353119192124
2022-02-15,-0.4786860898314972,-0.5179791428197942,-0.5580293408388376,-0.5844446560220606,1.3020323221821903,2022,2,15,2.235863081769322,1.575998791942345,1007,-0.46690983835718036,-0.5882415382022067,0.16011957812532684
2022-02-16,-0.5113503761687074,-0.5065607368743856,-0.48314766367218587,-0.5084626382331175,0.8750933258167922,2022,2,16,-0.4567395026156388,-0.019263042271260647,1008,-0.4671174101951707,-0.5990766708629621,-0.03266428633721019
2022-02-17,-0.567072165487857,-0.5040232593403203,-0.5386634364036597,-0.5403877903315213,0.472302385727004,2022,2,17,-0.77078133226233,-0.3664695138901755,1009,-0.46732276379938487,-0.6090956396611833,-0.05572178931914962
2022-02-18,-0.6330413528966596,-0.5741194354602056,-0.5864328968087966,-0.5793365148402594,0.45254488513786867,2022,2,18,-0.9291553480314053,-0.7605911230404844,1010,-0.4675258893779102,-0.6182911844888365,-0.06596918740880264
2022-02-22,-0.6970891841467903,-0.651828042913578,-0.6761617752942748,-0.6629805014514966,0.4977608016454764,2022,2,22,-0.9288935439640791,-0.4696892706980528,1014,-0.46831591559684016,-0.626682762117787,-0.0640478312501307
2022-02-23,-0.7797109453834636,-0.7082855808266303,-0.7394238603520853,-0.6834125790008809,0.372127943678817,2022,2,23,-1.2251993880697971,-1.379927652802801,1015,-0.46850775416821167,-0.6343131246268704,-0.08262176123667331
2022-02-24,-0.6208723533451416,-0.6613432195466722,-0.906616602525885,-0.9337057765603904,1.7099966302126306,2022,2,24,2.370190519128177,4.625760916870293,1016,-0.4686973059624111,-0.6412427993696083,0.15883859203832207
2022-02-25,-0.6138270528384502,-0.6409170840102761,-0.6290379848161257,-0.6227547414876825,0.06893284527543236,2022,2,25,0.0723841241300656,0.15902956213432137,1017,-0.46888456118752453,-0.64754401009678,0.007045300506691388
2022-02-28,-0.5465768787021648,-0.5750709289545974,-0.5660984881286683,-0.5959377305710801,1.8705667394363914,2022,2,28,0.9131828478376408,0.7502155698892421,1020,-0.4694324495292159,-0.6532972604389744,0.06725017413628542
2022-03-01,-0.6836391985082675,-0.620110303245772,-0.6522769217951359,-0.5838060169789444,0.7279161132025486,2022,3,1,-1.8854188963138396,-1.4362322720792844,1021,-0.46961042055885027,-0.658591109513493,-0.13706231980610273
2022-03-02,-0.6740319258275662,-0.7076510902813486,-0.6961731030632997,-0.6763890065905465,0.2749315917280449,2022,3,2,0.11218331861506471,0.06519210839650164,1022,-0.4697860460598311,-0.6635147971270734,0.009607272680701273
2022-03-03,-0.8226229974448778,-0.7031472251686777,-0.7965533147147467,-0.6623418617698777,1.3151444274396655,2022,3,3,-2.159614289749889,-2.3183183398538527,1023,-0.46995931624024356,-0.6681568029321319,-0.14859107161731155
2022-03-04,-0.9436733594384479,-0.8656055403986278,-0.935019911902703,-0.8360147670825651,2.486052874283551,2022,3,4,-1.89133169706036,-1.5394538399777182,1024,-0.47013022130817417,-0.6726084407652861,-0.12105036199357011
2022-03-07,-1.0243736415446136,-0.8524109486440795,-0.9814982790470052,-0.8372918025376411,3.1809774352720392,2022,3,7,-1.3484487809820143,-2.7030558536113167,1027,-0.47062864791794023,-0.6769588756291415,-0.08070028210616575
2022-03-08,-0.8853898426080034,-0.875755207577004,-0.9990567022356425,-1.0269271619454494,2.7341703235424597,2022,3,8,2.3510027288473747,2.120262492874723,1028,-0.4707899946168079,-0.6812847648604863,0.13898379893661028
2022-03-09,-0.8367134761269029,-0.8021700610630158,-0.8104322583817638,-0.8200521910333632,0.9234745266565094,2022,3,9,0.7474917869893563,-0.20694153439247456,1029,-0.47094892724362447,-0.6856490680135894,0.04867636648110041
2022-03-10,-0.9065256217967202,-0.9027152374493201,-0.8982246202725602,-0.8768789228198363,0.6725831991925799,2022,3,10,-1.1094358455724842,-0.39462002651368844,1030,-0.47110543600647814,-0.690096747713897,-0.0698121456698173
2022-03-11,-0.8841088565209985,-0.887173612888058,-0.8607837813664685,-0.8487848764481579,0.5593136695446173,2022,3,11,0.3338895209418778,-0.4790733848586636,1031,-0.4712595111134541,-0.6946452498247186,0.022416765275721784
2022-03-14,-0.9795401103526922,-0.9404594250452941,-0.9653599844673438,-0.8992265535518346,1.6180417168333086,2022,3,14,-1.5425140689384538,-1.135946324344008,1034,-0.4717070365799798,-0.6992937568328557,-0.09543125383169371
2022-03-15,-0.9455948379284771,-0.9493403534566374,-0.9485761432572648,-0.962438340021104,0.8661250202091485,2022,3,15,0.5404025490969024,0.290403434979052,1035,-0.47185127914430813,-0.7040300707047334,0.03394527242421508
2022-03-16,-0.7656203443700806,-0.8081965089911838,-0.8704667335840577,-0.8979495180967584,1.0046742803697388,2022,3,16,2.9250940576049,1.9795045152532615,1036,-0.47199303909319035,-0.7088344544943147,0.17997449355839645
2022-03-17,-0.750249001932408,-0.7901174068958563,-0.786547651475766,-0.7823805019797011,0.37415304494505913,2022,3,17,0.20400232369867202,0.5062324491076619,1037,-0.4721323066347134,-0.7136925814339283,0.015371342437672686
2022-03-18,-0.7175844709324826,-0.7583996672280503,-0.7374870978097939,-0.7708874274306816,1.101589840968469,2022,3,18,0.459584106247213,0.8159025016196658,1038,-0.472269071976962,-0.7185953686778824,0.03266453099992539
2022-03-21,-0.8059705465888424,-0.7964608584074887,-0.8072046485262472,-0.7517323853363734,1.0482224664227942,2022,3,21,-1.3211417950961741,-0.7605911230404844,1041,-0.47266425688893055,-0.7235395659252246,-0.08838607565635981
2022-03-22,-0.7182250863073426,-0.7469812619169961,-0.7691182636352696,-0.8085591164843435,-0.08751899078504621,2022,3,22,1.3145154917267665,1.3601661931681575,1042,-0.4727909155149481,-0.7285310764070938,0.08774546028149977
2022-03-23,-0.73679877163117,-0.7419063068488655,-0.7219944731571205,-0.7587559577467078,-0.32815717948501877,2022,3,23,-0.29852634500022096,0.35609395135505023,1043,-0.47291502298212373,-0.7335880445098163,-0.018573685323827416
2022-03-24,-0.6317603674501326,-0.6613432195466722,-0.6658332764462684,-0.629139674216398,2.523057770951143,2022,3,24,1.5263389704359502,-0.009880729817320131,1044,-0.47303656949854345,-0.7387433257812356,0.10503840418103738
2022-03-25,-0.6727509403810392,-0.6632464482246322,-0.6587323874537786,-0.6412713878085337,0.4422406934008132,2022,3,25,-0.6036460924659018,-0.432152870358908,1045,-0.4731555452722942,-0.7440350799798651,-0.04099057293090658
2022-03-28,-0.627277038476973,-0.6638806964463831,-0.6471127959904688,-0.667450002951679,-0.06008652657343024,2022,3,28,0.6261115895050834,0.6188416970445114,1048,-0.47349695021839056,-0.7494997279752789,0.045473901904066194
2022-03-29,-0.47228140405918784,-0.5027545212076421,-0.5283349382011846,-0.5761440487951529,1.2837808842994618,2022,3,29,2.1521339812398708,1.5478447040571408,1049,-0.47360554510232644,-0.7551766553117346,0.1549956344177852
2022-03-30,-0.5113503761687074,-0.5256547330539268,-0.48734353182504336,-0.5065472070045844,-0.048914434293699544,2022,3,30,-0.539743517401775,-0.0474135642786566,1050,-0.4737115202840223,-0.7611216507822207,-0.03906897210951954
2022-03-31,-0.5689935216465288,-0.5484281437205676,-0.5412456229253293,-0.5167632460985279,-0.19337733050487077,2022,3,31,-0.7964500810927418,-0.741822913487029,1051,-0.4738148659715673,-0.7674015743748532,-0.057643145477821456
2022-04-01,-0.5497792215883194,-0.5642870135544705,-0.5393088597375065,-0.5691204757463159,-0.5180231864384923,2022,4,1,0.23681761253416228,0.30917163514862445,1052,-0.47391557237304704,-0.7740873728765962,0.019214300058209455
2022-04-04,-0.5158339491641042,-0.5357409990081263,-0.48669810849119644,-0.5231481788272434,-0.22663834247857018,2022,4,4,0.4347065805422656,0.13087545548135102,1055,-0.4742017579419566,-0.7812463713109036,0.03394527242421519
2022-04-05,-0.6151080389254551,-0.5560403333648782,-0.5832050410056704,-0.5263408894190142,-0.16142667817403392,2022,4,5,-1.3551701252818875,-1.2767043019654665,1056,-0.47429180928003634,-0.7889387517712128,-0.09927408976135088
2022-04-06,-0.714382128046328,-0.721606973126468,-0.723285565772424,-0.6856473300702234,0.508269205274926,2022,4,6,-1.4140849586863498,-0.38992707796393095,1057,-0.4743791723724824,-0.797227460178957,-0.09927408912087288
2022-04-07,-0.7873966166022999,-0.76347437997265,-0.8220518498450737,-0.7185301977828936,0.9955017628697009,2022,4,7,-1.0943593343748885,-0.9764201371690943,1058,-0.4744638374273813,-0.8061772401608515,-0.07301448855597192
2022-04-08,-0.8014872176156829,-0.8135250657842479,-0.7859021048453486,-0.8091976342118815,-0.41611294330495496,2022,4,8,-0.23974328200796985,0.14964545735759033,1059,-0.47454579465281777,-0.8158366131319947,-0.014090601013382997
2022-04-11,-0.8021275883278277,-0.8047075379627266,-0.8162420541134188,-0.8449537707214325,-0.2723732975460131,2022,4,11,-0.036119106238329514,0.6657604286053629,1062,-0.4747753214332229,-0.8262311431186032,-0.0006403707121448443
2022-04-12,-0.8053300535453399,-0.7790160045339122,-0.7775102458885944,-0.7785493956144731,0.8286266114682702,2022,4,12,-0.07520112896235008,-0.3570854091134478,1063,-0.47484634942167725,-0.8373625258218895,-0.003202465217512218
2022-04-13,-0.7643393582830758,-0.7780645110395203,-0.7633084672580831,-0.8040896149841614,-0.22931011473739382,2022,4,13,0.5998431400126293,0.6188416970445114,1064,-0.4749146206211008,-0.8492072404607529,0.040990695262264176
2022-04-14,-0.7611370153969211,-0.7555449450556985,-0.717475770040769,-0.7491783144262214,-0.35042478458483234,2022,4,14,0.02160659624107716,-0.14125459327816772,1065,-0.4749801252395809,-0.861725777719248,0.003202342886154619
2022-04-18,-0.8181395461403602,-0.8100994959799673,-0.7962306030478231,-0.7689719962021486,0.13039211605722587,2022,4,18,-0.8787727812169327,-0.6855182942105423,1069,-0.47521428206578875,-0.8748682530189084,-0.057002530743439084
2022-04-19,-0.689403512927954,-0.722241221348219,-0.7607264046785157,-0.7938735758902179,0.03728851078318677,2022,4,19,1.9526650109599561,1.5666129042267132,1070,-0.47526580690084463,-0.8885703845072653,0.12873603321240623
2022-04-20,-0.7271917436131838,-0.7013076394040706,-0.6826169943597767,-0.6770274023640036,-0.13196060386732608,2022,4,20,-0.5727166508565483,-0.7042900884095755,1071,-0.47531450640347384,-0.9027542445293475,-0.03778823068522985
2022-04-21,-0.8251848466470516,-0.6955984361141891,-0.7994582129033401,-0.6604264305413446,0.8556251254085486,2022,4,21,-1.4683611590106493,-2.3840034792614824,1072,-0.4753603707817633,-0.9173325230052143,-0.09799310303386777
2022-04-22,-0.8796255281883171,-0.8342050460034627,-0.8362536278300532,-0.8283526769446927,-0.011271375462375385,2022,4,22,-0.8661606444047156,-0.7136724008635195,1073,-0.4754033902437995,-0.9322261319460451,-0.05444068154126547
2022-04-25,-0.7765086024973089,-0.8167601921298862,-0.8582017187869011,-0.8941185343241141,0.5560462792663106,2022,4,25,1.6081906270622137,1.7636737181857507,1076,-0.4755152812132497,-0.9473759624571237,0.10311692569100817
2022-04-26,-0.8476016125632517,-0.8357907877196054,-0.8233429431059085,-0.8015355440740094,0.34890734974783066,2022,4,26,-1.0973477159918887,-0.6386013643563679,1077,-0.4755468230911353,-0.962746041309944,-0.07109301006594282
2022-04-27,-0.8892326778971824,-0.8497466705647249,-0.8775676225765474,-0.8615548644981724,0.6706006420705867,2022,4,27,-0.6757329002579667,-0.36646771218350194,1078,-0.47557547109319875,-0.978313616364827,-0.041631065333930684
2022-04-28,-0.7521703587315578,-0.7932891326516724,-0.8246340363667434,-0.8679399191809688,0.6271205266483293,2022,4,28,2.1568942228184524,1.7355231867944716,1079,-0.4756012154275253,-0.9940597810129994,0.1370623191656246
2022-04-29,-0.8379944622139078,-0.7755270335054552,-0.7968761496782408,-0.7708874274306816,0.1758973327457253,2022,4,29,-1.3042970528993458,-0.9482696245455814,1080,-0.4756240463022037,-1.0099645844805478,-0.08582410348235003
2022-05-02,-0.9078066078837251,-0.8897109692603579,-0.919527163953459,-0.852615860859305,1.9374291165377806,2022,5,2,-1.1101239688447484,-0.7699752278172122,1083,-0.47567496024920297,-1.0260075206611698,-0.0698121456698173
2022-05-03,-0.966730617757672,-0.9379219481455832,-0.9621322519607881,-0.9222127020113708,3.017173971085371,2022,5,3,-0.9739047696334405,-0.6104490500261848,1084,-0.4756860393661464,-1.042166086667507,-0.05892400987394686
2022-05-05,-1.1358168531888402,-1.0495684063664208,-1.1331981499749904,-1.0677913176827205,2.546082661818585,2022,5,5,-2.830294481368539,-0.9482696245455847,1086,-0.4756993005504637,-1.0584105825560859,-0.16908623543116819
2022-05-06,-1.1844932196699407,-1.1758049956541283,-1.2268003075974416,-1.133557175062142,2.8669420889140644,2022,5,6,-0.9129757698812351,-0.694904191310064,1087,-0.4757014630340115,-1.0746996132349587,-0.04867636648110052
2022-05-09,-1.3779176988668596,-1.2249674680337457,-1.3526790543792155,-1.2248631292186682,2.996344358061166,2022,5,9,-3.652214118496915,-2.1869426746863314,1090,-0.4756899605472453,-1.090984180713001,-0.19342447919691885
2022-05-10,-1.3382079896916002,-1.3210723010589664,-1.3526790543792155,-1.3244695699250264,2.1358124611698606,2022,5,10,0.8155565561375605,-0.1412545932781644,1091,-0.47568009709947434,-1.1072139944161825,0.0397097091752594
2022-05-11,-1.4086606290453982,-1.346446468687729,-1.3720449588143937,-1.3608642235236124,2.404283029037388,2022,5,11,-1.4809412489612306,-0.6386013643563713,1092,-0.4756672026890887,-1.1233420927769642,-0.07045263935379809
2022-05-12,-1.3625461117664717,-1.3521556713432559,-1.4243329990393119,-1.4330151355858303,3.49865456037771,2022,5,12,0.9721420188680461,1.097420249185373,1093,-0.47565126752417575,-1.139328501053466,0.04611451727892657
2022-05-13,-1.2920935953845096,-1.3007094455849815,-1.2958721883869069,-1.3225541386964932,2.6118899441426042,2022,5,13,1.4519621877153461,0.506234241430449,1094,-0.475632281812822,-1.1551406158856439,0.07045251638196204
2022-05-16,-1.3433318117082624,-1.3267815043488482,-1.3139471228578206,-1.2950984880982717,0.3747146276491431,2022,5,16,-1.0530055654799788,-0.6479836768103084,1097,-0.4755569234809722,-1.1707488109693467,-0.051238216323752805
2022-05-17,-1.3042625955765055,-1.29886985918602,-1.3016819847640935,-1.2944599710092368,0.9341020538898557,2022,5,17,0.7830156269078693,-0.08494997400168111,1098,-0.47552563766471545,-1.1861315754995305,0.039069216131756956
2022-05-18,-1.4157059295520897,-1.344035913495073,-1.3823734576624,-1.3161690840136968,1.0947402337444148,2022,5,18,-2.276856014944825,-1.39869586235626,1099,-0.47549125234244816,-1.2012673935190514,-0.11144333397558426
2022-05-19,-1.365748576983984,-1.368014541177159,-1.3914108632495716,-1.4240760099928818,1.1554847629028286,2022,5,19,1.0606469693863407,0.91912406013421,1100,-0.4754537577222573,-1.2161392186855355,0.04995735256810563
2022-05-20,-1.3587032764772926,-1.3496181944435452,-1.3778547545460484,-1.3270236401966755,0.7847976340631728,2022,5,20,0.12179604057927262,-0.40400234835151533,1101,-0.4754131440122289,-1.230734889699565,0.007045300506691499
2022-05-23,-1.3311626891849087,-1.366745803044481,-1.3584888507564021,-1.3583102752060443,1.048579837234484,2022,5,23,0.5500490800705954,0.45931551925348746,1104,-0.47527249042398134,-1.245037638781206,0.027540587292383956
2022-05-24,-1.4739894457420557,-1.372455005700008,-1.442407932864694,-1.33468560901897,1.5183778045161072,2022,5,24,-2.9615585184013087,-1.980497755950563,1105,-0.4752193024354665,-1.2590241011006578,-0.14282675655714705
2022-05-25,-1.442605900829135,-1.460313159169991,-1.451122626784942,-1.4611093039115899,0.7138425102850507,2022,5,25,0.6853425035836233,0.3373257511854845,1106,-0.47516294639754575,-1.2726648119935557,0.031383544912920724
2022-05-26,-1.3747152342898252,-1.4016352678337485,-1.4091630854080304,-1.4330151355858303,0.6226789179887562,2022,5,26,1.4790005400884993,0.9191258524570005,1107,-0.47510341251830424,-1.2859151620796387,0.06789066653930975
2022-05-27,-1.3382079896916002,-1.3477152074547616,-1.3184658259741724,-1.3474557183845626,0.5810537272557459,2022,5,27,0.7459836350395336,0.1965659812412356,1108,-0.4750406910058298,-1.2987115055929621,0.036507244598225075
2022-05-31,-1.3683104268266364,-1.3623053385216322,-1.3375735357709657,-1.3468172006570247,0.877552377354372,2022,5,31,-0.6478587661736618,-0.25386026595332595,1112,-0.4747577327853252,-1.3109747979530495,-0.030102437135036242
2022-06-01,-1.3849628776826717,-1.3642083255104156,-1.3678489680104973,-1.3449016474744104,0.2979990267397356,2022,6,1,-0.3771314174640923,-0.5259939087423089,1113,-0.4746789262279778,-1.322615055057184,-0.016652450856035284
2022-06-02,-1.269676830108788,-1.303310323708869,-1.3436415261410053,-1.3742728512552462,0.6645168294430105,2022,6,2,2.4296198705318837,1.5947652185568997,1114,-0.4745968732859147,-1.3335425790061954,0.11528604757388372
2022-06-03,-1.3074650601535398,-1.324561150925658,-1.2929672908438452,-1.3040374917371391,0.11931362089484249,2022,6,3,-0.7727990413257871,0.008887479736131979,1115,-0.4745115641672233,-1.3436796235628075,-0.03778823004475185
2022-06-06,-1.2703173231522904,-1.2649318872567894,-1.257140256865512,-1.2599807480006808,0.5916472191736931,2022,6,6,0.7253646962804678,-0.09433587110119937,1118,-0.47423600183223336,-1.3529673330787069,0.037147737001249403
2022-06-07,-1.2338100785540655,-1.2481214034010837,-1.2706964888656058,-1.302121939193028,0.3890520042609833,2022,6,7,0.695077410665355,1.0598820471395547,1119,-0.4741375700878865,-1.3613699031169961,0.03650724459822485
2022-06-08,-1.1998646844389709,-1.1942013423877422,-1.1912961085826024,-1.206346482897817,0.7099709931584114,2022,6,8,0.6293387812578695,0.14964545735759033,1120,-0.47403583320734155,-1.368871146631088,0.033945394115094674
2022-06-09,-1.2248432995573448,-1.1853202934489881,-1.187745664409123,-1.1910224245761534,1.6321833903816045,2022,6,9,-0.4989447092781928,-0.44153875807453985,1121,-0.47393078139868505,-1.3754735829148577,-0.02497861511837396
2022-06-10,-1.3350056474459238,-1.2943658735459382,-1.2978088282781592,-1.2638118537274063,0.5944806591806622,2022,6,10,-2.1425542733232157,-0.9858042513297084,1122,-0.47382240487000304,-1.3811988792104577,-0.11016234788857893
2022-06-13,-1.472708460295529,-1.4457230281031208,-1.4467329596622631,-1.4285456340856482,0.8720641827462787,2022,6,13,-2.863415822577319,-0.5822967356959983,1125,-0.4734772290446685,-1.3860783849647977,-0.13770281284960517
2022-06-14,-1.5034513898335893,-1.4858776497299853,-1.4757174212919986,-1.4604707861840518,1.712396119948262,2022,6,14,-0.7228780551128051,-0.5635285261425395,1126,-0.47335545571674853,-1.3901433789675999,-0.03074292953806035
2022-06-15,-1.4432463938726374,-1.4580929269085665,-1.4533819783431177,-1.4847338481445829,1.122513051110021,2022,6,15,1.3687168503990215,0.6751445333820939,1127,-0.4732303087092342,-1.3934290894932688,0.06020499596095186
2022-06-16,-1.5431610990088487,-1.5208940368606623,-1.5234221174299236,-1.503888890238891,2.7595011070281856,2022,6,16,-2.242792024224897,-0.5072274915116406,1128,-0.4731017782302116,-1.3959753842136442,-0.09991470513621126
2022-06-17,-1.4573369948860204,-1.4853702026878783,-1.5095431744084384,-1.5466685991587763,2.0291032385650603,2022,6,17,2.0225982618673823,1.3789344121055027,1129,-0.47296985448776896,-1.397820502163593,0.08582410412282826
2022-06-21,-1.4605393377721754,-1.4536524630200722,-1.4243329990393119,-1.4425926569522358,1.0530810076960053,2022,6,21,-0.09810983328850968,-0.19755742961574685,1133,-0.4724080310455072,-1.398996604667962,-0.003202342886154952
2022-06-22,-1.4771917886282104,-1.4695113328539753,-1.4495088218571837,-1.480264346005898,0.8026406481611129,2022,6,22,-0.40034458812776824,0.11211083057346997,1134,-0.47225899410725125,-1.3995334536934831,-0.01665245085603506
2022-06-23,-1.4214701216404184,-1.4549210806253394,-1.4436990261255287,-1.46621732313931,0.3513408747988611,2022,6,23,1.2402064797290733,0.7220650478818461,1135,-0.4721065051540916,-1.39945150946278,0.05572166698779202
2022-06-24,-1.3791985626225067,-1.4073444711236305,-1.3849556435385384,-1.4119445403089081,1.2983394904613959,2022,6,24,0.897115300777413,0.5437706605373632,1136,-0.47195055439411515,-1.3987552651458202,0.042271559017911686
2022-06-27,-1.3900866990588556,-1.3787985777390515,-1.3820507459954767,-1.3500096673406337,0.36349999122516363,2022,6,27,-0.2574016437905071,-0.5259938993584191,1139,-0.47146183335414227,-1.3974286052011944,-0.010888136436348894
2022-06-28,-1.4400440516269613,-1.3902169836844602,-1.4017393614520464,-1.3806579059380426,0.12497199207993076,2022,6,28,-1.0943362281597757,-0.8075098546013358,1140,-0.4712919374477589,-1.3954323108888809,-0.04995735256810563
2022-06-29,-1.479113267758718,-1.473317427358953,-1.4637104771911242,-1.4355690845419014,0.6656825389954272,2022,6,29,-0.8910760816923927,-0.5729144232420611,1141,-0.4711185307749899,-1.392708535067818,-0.039069216131756734
2022-06-30,-1.5438015920523511,-1.5382753689826514,-1.5402059586400028,-1.4994193887387088,0.680802727861445,2022,6,30,-1.4987839273740298,-0.5822985280187888,1142,-0.4709416035439209,-1.3891898045180453,-0.06468832429363314
2022-07-01,-1.4874394320210567,-1.5227970238494457,-1.505670017922504,-1.5255980038818542,-0.1861788612979765,2022,7,1,1.319885490837386,0.6282240094984519,1143,-0.47076114596263796,-1.3848192969269204,0.05636216003129446
2022-07-05,-1.4118629712910749,-1.4479432597301904,-1.4798487717707856,-1.4955884043275616,0.1377522530122655,2022,7,5,1.7043886347749073,1.294481053760521,1147,-0.4700038162971021,-1.37956399620431,0.07557646072998181
2022-07-06,-1.4771917886282104,-1.4777578918818022,-1.4482177292418803,-1.4745178090506394,0.834548756347701,2022,7,6,-1.4440306123377986,0.027655689289590755,1148,-0.46980556008604735,-1.373423895907287,-0.06532881733713558
2022-07-07,-1.3977724926090493,-1.4346851468584092,-1.429497248140549,-1.465578805411772,0.02046655614721754,2022,7,7,1.7788568754186578,1.059883830078459,1149,-0.4696037147732959,-1.3664287174976029,0.07941929601916109
2022-07-08,-1.4233916007709257,-1.4219347233522661,-1.4151664348074284,-1.4151370063540143,-0.225489650583853,2022,7,8,-0.5769267122245482,-0.05679946137817487,1150,-0.46939827056693684,-1.3586297948277615,-0.025619108161876403
2022-07-11,-1.4970465823704004,-1.4669738553199096,-1.45983732070519,-1.4457851236358448,-0.453900652226725,2022,7,11,-1.6375920155392247,-0.6855200865333363,1153,-0.4687602466670646,-1.3501034223115218,-0.0736549815994747
2022-07-12,-1.472708460295529,-1.4967884868371666,-1.47048853122012,-1.488564831917227,-0.4686549614522033,2022,7,12,0.5349473285125089,0.29978753037189004,1154,-0.4685403089671314,-1.3409438829750362,0.024338122074871515
2022-07-13,-1.4771917886282104,-1.5075725233990591,-1.4869496607632753,-1.5109124626492254,-0.3306928104822463,2022,7,13,-0.12793070576352591,0.5625370683841417,1155,-0.4683167234140191,-1.3312595835716252,-0.004483328332681502
2022-07-14,-1.5316324695289976,-1.5167706970830432,-1.4952770020459587,-1.4904803850998414,0.7385946934089933,2022,7,14,-1.2637989716908942,-0.5353780041351468,1156,-0.4680894802158151,-1.321162510066508,-0.05444068090078713
2022-07-15,-1.4663036521918615,-1.4967884868371666,-1.484044762574682,-1.5064429611490433,0.13803304436430747,2022,7,15,1.5197015220026964,0.6563763238286384,1157,-0.46785856958060634,-1.3107559028214815,0.06532881733713602
2022-07-18,-1.4080201360018958,-1.4067101017401138,-1.3972206589812264,-1.431738100130754,0.6853464424672152,2022,7,18,1.2880447365273004,0.4123949859859524,1160,-0.46714373513381124,-1.300125091015166,0.058283516189965745
2022-07-19,-1.4022558209417308,-1.4143224125461902,-1.3920564098799892,-1.3947049288046303,0.02276393993665188,2022,7,19,0.09840208523706273,-0.04741534721755742,1161,-0.46689805683144403,-1.2893417909210743,0.0057643150601649484
2022-07-20,-1.3093864169526896,-1.3420060047992348,-1.3523562194157215,-1.3857659251657628,0.4223130162346827,2022,7,20,1.9756342412130297,1.181875390469249,1162,-0.4666486621325019,-1.2784595777237808,0.0928694039890412
2022-07-21,-1.3023412387773559,-1.3401028966486856,-1.3010364381336759,-1.313615013103545,-0.37915059078161134,2022,7,21,0.11638838612274972,0.22471649386474518,1163,-0.466395541245074,-1.2675079382025578,0.007045178175333788
2022-07-22,-1.361905741054327,-1.304579061841547,-1.3342814088869102,-1.293821453281699,-0.22735308410194974,2022,7,22,-1.2277188634008476,-0.9388855103849673,1164,-0.4661386843772437,-1.2564907938026966,-0.059564502276971076
2022-07-25,-1.3587032764772926,-1.3851420286163292,-1.3636530998576395,-1.3615027412511505,-0.8473403894106304,2022,7,25,0.0408142724491,0.10272672579674226,1167,-0.46534559997220937,-1.2453955874129055,0.003202464577034325
2022-07-26,-1.409941614491925,-1.409881948023341,-1.3752725686699103,-1.3691648313890228,0.1294561448837526,2022,7,26,-1.0987347000853178,-0.5353780041351468,1168,-0.46507370126363634,-1.2342064119495737,-0.0512383380146324
2022-07-27,-1.3753557273333277,-1.3990979120958034,-1.372690505444811,-1.3787423527554283,0.46823516553682026,2022,7,27,0.723182014869434,0.11211083057346997,1169,-0.4647980176150952,-1.222899701278344,0.03458588715859734
2022-07-28,-1.3612652480108243,-1.3927543394224051,-1.3952841423865447,-1.3857659251657628,0.00040273771949096845,2022,7,28,0.27186911182434087,0.4217791001465732,1170,-0.46451853923466846,-1.2114498682835502,0.014090479322503402
2022-07-29,-1.3522984690141036,-1.3886309996447865,-1.3791458478068834,-1.3672492782064087,0.5552209228678842,2022,7,29,0.16163525864348757,0.28102111314122513,1171,-0.46423525633044527,-1.19983757353774,0.008966778996720715
2022-08-01,-1.278643487414629,-1.3166317160087067,-1.3471919703144841,-1.3512867021572068,2.0488692479830455,2022,8,1,1.508614971378256,1.1255707618088793,1174,-0.46336248255585577,-1.1880501571198363,0.07365498159947448
2022-08-03,-0.9206161011192237,-0.8846361353539924,-0.9292101161710481,-0.9496683526095924,3.3337449484405735,2022,8,3,7.086135453625854,0.4686996146463254,1176,-0.4627614312353914,-1.1760779638352707,0.3580273862954054
2022-08-04,-0.8142967108511812,-0.8338878007308218,-0.9137173682218042,-0.9458372462443639,2.7817261679837504,2022,8,4,1.6946810534364831,1.9701204104765337,1177,-0.46245511555819707,-1.1639166486734402,0.10631939026804249
2022-08-05,-0.8040491897896926,-0.8085135119402937,-0.8207607565842386,-0.855169809815376,1.4534979845367113,2022,8,5,0.13088051142762783,0.7877484043505786,1178,-0.46214492681380914,-1.1515772167378846,0.010247521061488518
2022-08-08,-0.8142967108511812,-0.7878969329452554,-0.7807378550985795,-0.7830188977531582,0.441057966190697,2022,8,8,-0.18280407428613352,-0.4227723408438716,1181,-0.4611910242583481,-1.139092267449005,-0.010247521061488518
2022-08-09,-0.8648945558223109,-0.877023945709682,-0.8414178775768223,-0.8443152529938945,0.35409773534618233,2022,8,9,-0.8027146940561267,-0.2632461536689545,1182,-0.4608652453260502,-1.1265144145012382,-0.050597844971129735
2022-08-10,-0.7534513441780848,-0.7729897982949206,-0.7439425634684368,-0.775995568612483,0.7178671863309858,2022,8,10,1.7270925753620805,0.36547626380899073,1183,-0.46053554436698985,-1.1139068916100736,0.1114432116442261
2022-08-11,-0.7893179734014497,-0.7622056412056174,-0.7560785429174521,-0.7300232716934105,0.14832872727251323,2022,8,11,-0.5607434539562223,-0.8356603766087318,1184,-0.46020191158925483,-1.101344914059286,-0.03586662922336492
2022-08-12,-0.7745870016759219,-0.8002670740742323,-0.7781556692224412,-0.7664179259304993,-0.0791888473411343,2022,8,12,0.19693917246577147,-0.08494997400168444,1185,-0.45986433720092945,-1.088912533393167,0.014730971725527842
2022-08-15,-0.773306015588917,-0.7907516551176073,-0.7633084672580831,-0.7977046822554459,-0.7430051300549123,2022,8,15,-0.007074935952303717,0.39363037046196114,1188,-0.4588278664532832,-1.0767004044027462,0.0012809860870048873
2022-08-16,-0.7803513160956085,-0.8024873063356567,-0.8020403994250099,-0.7989814738023601,0.441687619525579,2022,8,16,-0.13232654746392772,0.3091716445325075,1189,-0.4584744277034636,-1.064803161408866,-0.007045300506691499
2022-08-17,-0.8866708286950086,-0.8668742791656607,-0.8594926887511655,-0.8264372457161596,0.11555271854324997,2022,8,17,-1.6309912344362905,-0.84504627370825,1190,-0.4581169983834874,-1.0533071224740806,-0.10631951259940009
2022-08-18,-0.9231780726527553,-0.9360188399950342,-0.8969335270117254,-0.8960340868682253,-0.17441115099876284,2022,8,18,-0.6071170100939756,-0.3570836167906639,1191,-0.45775556870143896,-1.0422842193296251,-0.03650724395774674
2022-08-19,-0.9961925612087273,-1.002626166248228,-0.9763340299457677,-0.96371537547618,0.11057505366614223,2022,8,19,-1.209838447528213,-0.4321546532978121,1192,-0.4573901288654052,-1.0317920042634396,-0.07301448855597203
2022-08-22,-1.0608808855023606,-1.0511542686099742,-1.0253943370185985,-1.037781718766931,-0.22533649166455738,2022,8,22,-1.1160842608303296,-0.29139667567635374,1195,-0.4562696505142556,-1.0218848413350807,-0.06468832429363325
2022-08-23,-1.0730500073852358,-1.0594009487995666,-1.0331407726415058,-1.0556598473602439,0.12056441873575674,2022,8,23,-0.23874850307592904,-0.20694153439247456,1196,-0.4558880721431442,-1.0126208742362326,-0.012169121882875222
2022-08-24,-1.0154069842387725,-1.0248286081211746,-1.0266854302794335,-1.0639603332715732,-0.24325608522214523,2022,8,24,0.9865913092399458,0.7595978729592929,1197,-0.45550243465847906,-1.0040674131832148,0.0576430231464633
2022-08-25,-0.9571233450769705,-0.998185701725379,-0.9647144378369262,-1.0026640999849181,-0.6305439391476765,2022,8,25,0.9657420122882405,0.7126809431051184,1198,-0.45511272826834537,-0.9962975206287703,0.058283639161802014
2022-08-26,-1.0237331485011112,-0.9937452378368848,-0.9937632944896934,-0.9630768577486419,-0.5437623937090067,2022,8,26,-1.1253444666408776,-0.84504627370825,1199,-0.4547189431808323,-0.9893845218245862,-0.06660980342414069
2022-08-29,-1.013485505108265,-1.026731595109958,-1.01312932157591,-1.0531057770885948,-0.47958029769529104,2022,8,29,0.14887278345889307,0.6282240094984519,1202,-0.45351301781486475,-0.9834009366766628,0.010247643392846228
2022-08-30,-1.0154069842387725,-1.0203880224365598,-1.0092560424389372,-0.9841474530255641,0.1300092187589868,2022,8,30,-0.05902777522176785,-0.4133882454510336,1203,-0.45310282001868885,-0.9784062564246591,-0.001921479130507553
2022-08-31,-1.01220451902126,-0.9829612012749923,-0.9685875943228605,-0.9886169551642493,-0.18214567642319177,2022,8,31,0.028157217257151368,-0.3007807804530815,1204,-0.4526884945655625,-0.9744436126689657,0.00320246521751244
2022-09-01,-1.0019568756284136,-1.0419560955603446,-1.03701392912744,-1.0486362749499094,-0.42997382550120883,2022,9,1,0.1477760863587203,0.7314473603357866,1205,-0.45227003166357305,-0.9715391832635281,0.01024764339284645
2022-09-02,-0.9936307113660751,-0.9985028258362545,-0.9750429366849328,-0.96371537547618,-0.7042729411308193,2022,9,2,0.11434303383531043,-0.39462002651368844,1206,-0.45184742152080704,-0.9696990609009173,0.008326164262338565
2022-09-06,-1.0038783547589212,-1.0153131891645493,-0.9989275435909306,-0.9739314145701234,-0.2091952433365687,2022,9,6,-0.19874726449825272,-0.39462002651368844,1210,-0.450115312703693,-0.9689066040622532,-0.010247643392846117
2022-09-07,-0.9308637438715914,-0.9658335926740567,-0.9640688918520406,-1.0013870645298422,-0.19137775572517793,2022,9,7,1.2087471557114982,1.0786520396319177,1211,-0.4496718194783349,-0.9691164511869704,0.07301461088732975
2022-09-08,-0.8892326778971824,-0.9182569831723476,-0.9337288186418679,-0.9688233947039001,0.5541062662885661,2022,9,8,0.6511350185355772,1.210025912476645,1212,-0.44922412026071656,-0.970253319139522,0.04163106597440902
2022-09-09,-0.8187800391838627,-0.845306206041876,-0.8304438320983983,-0.8679399191809688,0.44029217159421885,2022,9,9,1.0958767472560254,0.7595996746659731,1213,-0.44877220525892536,-0.9722156364368802,0.07045263871331975
2022-09-12,-0.7726656448767721,-0.8091480024855755,-0.7684727170048522,-0.8072820816677705,0.5503964169100721,2022,9,12,0.6827708401408539,0.5437688682145727,1216,-0.4473910676293755,-0.9748818091159138,0.04611439430709052
2022-09-13,-0.8482421056067542,-0.862433693481046,-0.873694466736145,-0.887733479641318,0.551655723579836,2022,9,13,-1.1627874775385263,0.6188399047217242,1217,-0.4469221915717543,-0.9781144745650298,-0.07557646072998203
2022-09-14,-0.7374393863655521,-0.7761615240507368,-0.8168876007438362,-0.851977343131767,0.9880480287973139,2022,9,14,1.7025426379024249,1.7167549866248992,1218,-0.4464490507703913,-0.9817612776588425,0.11080271924120211
2022-09-15,-0.7323154426580104,-0.7009903941314297,-0.7110203043821262,-0.743431777470963,1.613931952498876,2022,9,15,0.04941109827805268,0.19656598124123226,1219,-0.44597163543337315,-0.9856659426895985,0.005123943707541656
2022-09-16,-0.809172888834519,-0.839279758113708,-0.8310893787288157,-0.870493990091121,2.390073284858294,2022,9,16,-1.1600727527334793,0.9378940713943457,1220,-0.44548993576878626,-0.9896812690638135,-0.07685744617650858
2022-09-19,-0.8373539691704054,-0.8497466705647249,-0.8194697866199743,-0.8398457514937124,-0.0011713956177140427,2022,9,19,-0.4576744092005049,0.07457442085044548,1223,-0.4440190328904712,-0.9936807126069898,-0.0281810803358864
2022-09-20,-0.8373539691704054,-0.8129539764631426,-0.8110778050121815,-0.836653284810103,0.06560589319517746,2022,9,20,-0.026354741721657332,0.027655689289590755,1224,-0.4435200979964704,-0.9975670859901815,0.0
2022-09-21,-0.9026827865075412,-0.8690945107927305,-0.8653024844828202,-0.8392072337661741,-0.0470510007756028,2022,9,21,-1.0402023597461576,-0.8919667882080056,1225,-0.4430168298153303,-1.001279129834522,-0.0653288173371358
2022-09-22,-1.0237331485011112,-0.963296115774346,-0.9827892490112693,-0.9196586317397217,0.5238658885565304,2022,9,22,-1.9678404350637833,-1.4831510036401359,1226,-0.44250921855514,-1.00478951040186,-0.12105036199357
2022-09-23,-1.0724095149822117,-1.0806517766507102,-1.0583164728083387,-1.058852314043853,0.3055718844160192,2022,9,23,-0.8586865185298574,-0.15063870743878183,1227,-0.4419972544239843,-1.0081031789392738,-0.04867636648110052
2022-09-26,-1.1319740172591828,-1.0920701819617644,-1.0931752484893311,-1.0780074787307452,0.17633979184591267,2022,9,26,-1.0726901996664169,-0.7418229134870257,1230,-0.4404351468855885,-1.0112357804575853,-0.059564502276971076
2022-09-27,-1.0884214727947445,-1.0711364788558506,-1.0712271575324834,-1.0805614270483133,-0.04157131499635941,2022,9,27,0.7651677987431803,-0.06618356615490593,1231,-0.4399056733514346,-1.014201514485409,0.043552544464438236
2022-09-28,-1.0583189133283506,-1.0920701819617644,-1.0692905182867627,-1.095885485369977,-0.13537264423607856,2022,9,28,0.5072346763777166,0.600073487491056,1232,-0.43937179798674775,-1.0170151542885713,0.030102559466393952
2022-09-29,-1.1620764537537405,-1.1199818271245927,-1.146108834699135,-1.0811999447758514,0.2790328472336277,2022,9,29,-1.8347034954190742,-1.1359463243440047,1233,-0.43883351099961354,-1.019697650996285,-0.10375754042538987
2022-09-30,-1.1569526323775567,-1.1459903635025168,-1.1357803358511287,-1.1769754010710625,0.08623980315583774,2022,9,30,0.068421986656029,0.3467080542555353,1234,-0.4382908025981167,-1.0222784277813592,0.005123821376183724
2022-10-03,-1.1428621536955315,-1.171998900514796,-1.148691021220805,-1.1386651942898625,-0.25020779839239654,2022,10,3,0.2334938813013694,-0.009880729817323465,1237,-0.43663605098832514,-1.0247920772061991,0.014090478682025287
2022-10-04,-0.9846639323693545,-1.0229254999706254,-1.0428237248590948,-1.083434695845194,0.2195986777180763,2022,10,4,2.867026757459788,1.4962348068854328,1238,-0.43607555901024764,-1.0272740602052266,0.158198221326177
2022-10-05,-0.9853044247723786,-0.9975513323418628,-0.9969910269962489,-1.0288427151280635,-0.12106930293963734,2022,10,5,-0.03707784346000423,0.6845286381588216,1239,-0.43551059665824,-1.0297540468565987,-0.0006404924030241066
2022-10-06,-0.9500781669016366,-0.9601243900185296,-0.955031486264869,-0.9828704182089909,0.2142636420292788,2022,10,6,0.5636041679401719,0.5250006586611173,1240,-0.4349411541403887,-1.0322534070749387,0.03522625787074196
2022-10-07,-1.056397557169679,-1.0476652982158716,-1.0221667271630817,-1.0064950843960654,-0.2715309234898871,2022,10,7,-1.7740194700061829,-0.685520086533333,1241,-0.43436722166478114,-1.0347832344727208,-0.10631939026804249
2022-10-10,-1.0909833219969183,-1.0736738352281505,-1.0667084550616632,-1.0441667734497273,-0.8056045839025733,2022,10,10,-0.6284920304660768,-0.638599562649691,1244,-0.43261838657227747,-1.0373428076542224,-0.034585764827239185
2022-10-12,-1.1902575340896269,-1.2217957422779293,-1.2390654456911687,-1.2478492776782044,0.6861973253521909,2022,10,12,-1.7886179450816393,0.9003576429035451,1246,-0.4314298672034038,-1.0399149396138296,-0.09927421209270859
2022-10-13,-1.253024379252753,-1.2275049449334565,-1.2629500532426985,-1.2848824496428313,0.8472354201626884,2022,10,13,-1.207033385594414,0.5250024509839079,1247,-0.43082878935106494,-1.0424713479509506,-0.06276684516312603
2022-10-14,-1.2715983092392955,-1.2246503439228702,-1.2326101033290966,-1.2095390708970042,-0.029046318929517374,2022,10,14,-0.3894364264853769,-0.8544303784849778,1248,-0.4302231529975731,-1.0449783280050595,-0.018573929986542614
2022-10-17,-1.1928193839322794,-1.2122804444830697,-1.205497763916543,-1.2344406505850736,0.18664398358296816,2022,10,17,1.5316826247928201,0.6657604192214764,1251,-0.4283787950110409,-1.0474033081422707,0.07877892530701613
2022-10-18,-1.0858595006207346,-1.120616196508109,-1.114154957206736,-1.1188716344680163,0.23500816676498593,2022,10,18,1.9887215172763706,0.5343865557606355,1252,-0.42775482673379983,-1.0497154427581006,0.10695988331154482
2022-10-19,-1.0909833219969183,-1.119347457741076,-1.0912386085980788,-1.1195101515570514,-0.6341516825799733,2022,10,19,-0.11704656048292428,0.4686996146463254,1253,-0.4271262509958369,-1.0518840251458277,-0.005123821376183724
2022-10-20,-1.0692070497646993,-1.0590837035269256,-1.0660629084312458,-1.1029090584188146,-0.17409632433132183,2022,10,20,0.36020610275376086,0.5437706605373632,1254,-0.42649305800523774,-1.0538826253431701,0.021776272232219007
2022-10-21,-1.0595998994153557,-1.0746254492499532,-1.0712271575324834,-1.0914159838697948,-0.1897270429283251,2022,10,21,0.1421057841380077,0.5156183462071767,1255,-0.42585523797008973,-1.0556896411196608,0.009607150349343563
2022-10-24,-1.0832976507780823,-1.103488587907173,-1.113186698909395,-1.0780074787307452,-0.31373471458468094,2022,10,24,-0.4396681999760994,-0.028647137664101978,1258,-0.4239139176782145,-1.057288192303448,-0.02369775136272656
2022-10-25,-1.0378236271831365,-1.0676475078273935,-1.060253112699591,-1.0594908317713911,-0.46925908830053603,2022,10,25,0.7773727053295372,0.36547626380899073,1259,-0.42325749154573344,-1.0586673508003304,0.04547402359494579
2022-10-26,-1.0480712705759825,-1.040053108571561,-1.0257171719820926,-1.0486362749499094,-0.47355604686966324,2022,10,26,-0.2029415734538089,0.05580799423588753,1260,-0.42259638940913424,-1.0598228860822545,-0.010247643392846006
2022-10-27,-1.0724095149822117,-1.054008870254915,-1.0389505683731608,-1.0339507343557839,-0.5201248671643823,2022,10,27,-0.4481295866965137,-0.5166098039655778,1261,-0.42193060147650296,-1.0607635301701333,-0.024338244406229226
2022-10-28,-1.0929048011274258,-1.1098321599462164,-1.1144777921702298,-1.0716224234094458,0.36037725103730284,2022,10,28,-0.38638368168902265,-0.26324437073005696,1262,-0.4212601179559279,-1.0615141365647558,-0.02049528614521412
2022-10-31,-1.1524693040448752,-1.119347457741076,-1.126742930263957,-1.0843924114594605,1.229154203084023,2022,10,31,-1.084865739127463,-0.9482696245455847,1265,-0.4192203959473928,-1.0621130781605148,-0.05956450291744941
2022-11-02,-1.0090021761351051,-0.9651992232905404,-0.9763340299457677,-0.9592458739759978,1.2084352048348652,2022,11,2,2.612414428059671,-0.6855200771494432,1267,-0.4178369238168931,-1.0626068022317976,0.14346712790977012
2022-11-03,-1.0141259981517674,-1.0057978913696897,-1.0357229591631756,-1.0575752785887769,0.4383606674453241,2022,11,3,-0.11326906072150889,0.6845268364521447,1268,-0.4171380611384592,-1.063044160946442,-0.005123822016662283
2022-11-04,-1.0359022703839866,-0.9927936231807274,-1.0144202915401745,-0.9675463598873273,-0.04911013735724395,2022,11,4,-0.3967696559411592,-0.9576537199384227,1269,-0.4164344343286839,-1.0634769821932997,-0.02177627223221923
2022-11-07,-1.0807356792445506,-1.049885530477296,-1.0418554665617539,-1.0144763724206662,-0.312892340528555,2022,11,7,-0.7981052506263232,-0.9248084664423685,1272,-0.4142948711921748,-1.0639607818329537,-0.04483340886056397
2022-11-08,-1.0967476370570832,-1.081286146034227,-1.0931752484893311,-1.0869464823696127,0.3533319407497042,2022,11,8,-0.3089481449579897,-0.09433407877841216,1273,-0.4135720899378974,-1.0645517487920237,-0.016011957812532618
2022-11-09,-1.153750289491402,-1.101902725029265,-1.1177054020257466,-1.1035475755078494,-0.1442303350686754,2022,11,9,-1.041554476670151,-0.6855200865333363,1274,-0.4128444955927111,-1.0653027348887927,-0.05700265243431879
2022-11-10,-1.0064402046015735,-1.0184850360821311,-1.0105471356997722,-1.0352277698108598,1.047907639755353,2022,11,10,2.6851384186686267,0.4686996146463254,1275,-0.41211207836470143,-1.0662592953057004,0.14731008488982855
2022-11-11,-0.9872259039028861,-0.9477544905787291,-0.9718152041783771,-0.9988329942581927,1.104423280975438,2022,11,11,0.2991215102974154,0.2153323984719005,1276,-0.4113748284619545,-1.0674558194551806,0.019214300698687348
2022-11-14,-0.9923497259195484,-0.9943794860586355,-0.9660054078011906,-1.0052180489409892,0.1314472108345957,2022,11,14,-0.11225530834132547,0.23410059864146956,1279,-0.40913398478615415,-1.0689116649187593,-0.005123822016662283
2022-11-15,-0.8322301477942214,-0.8602134618539764,-0.8878961214245539,-0.9158276473285744,1.7175184349158157,2022,11,15,2.6654277036976133,1.2663287394303377,1280,-0.4083773062653213,-1.0706300593707532,0.16011957812532696
2022-11-16,-0.930223250828089,-0.9017637439549283,-0.8988701669029778,-0.8711323858645779,0.3113238527184548,2022,11,16,-1.5432705561583175,-0.8262780547709049,1281,-0.40761574611018414,-1.0726043531630396,-0.09799310303386755
2022-11-17,-1.0045188478024236,-1.0070666301367224,-0.9911812312645941,-0.9892554728917873,-0.016785096557017803,2022,11,17,-1.2350134390691192,-0.1787910123850786,1282,-0.406849294528826,-1.0748211905147331,-0.07429559697433463
2022-11-18,-0.9993950264262398,-1.0130929569031246,-0.9718152041783771,-0.982232022435534,-0.613066804690276,2022,11,18,0.0603489024664229,-0.20694153439247456,1283,-0.4060779417293361,-1.0772602040227912,0.005123821376183835
2022-11-21,-1.0448689276898278,-1.057180717172497,-1.016356931431427,-1.0262886442179113,-0.5719606525171008,2022,11,21,-0.7937236826208509,-0.22570974394593,1286,-0.40373437810292945,-1.0798903214348126,-0.04547390126358797
2022-11-22,-1.0557570641261766,-1.081286146034227,-1.0614150473157145,-1.0422512202671133,-0.21380702857313688,2022,11,22,-0.2147090891222908,-0.15063870743878183,1287,-0.4029433225117698,-1.0826692343908837,-0.010888136436348894
2022-11-23,-1.0102830398907525,-1.042590464943861,-1.007965072474673,-1.036504683311855,-0.8437751901225823,2022,11,23,0.7650649157521018,0.43116320492330096,1288,-0.40214731674290816,-1.0855488362684182,0.045474024235424126
2022-11-25,-1.0288569698772951,-1.0463966806106044,-1.0015097301126006,-1.0141571745339377,-1.5044432061619504,2022,11,25,-0.34163927902736263,-0.16940511528556035,1290,-0.4005404155044263,-1.0884803725252463,-0.018573929986542614
2022-11-28,-1.0762523502713908,-1.0606695664048338,-1.0344318659023406,-1.0524672593610567,-1.0007545735717458,2022,11,28,-0.8390574363791866,-0.3007807804530815,1293,-0.3980926925160979,-1.0914193481509917,-0.04739538039409563
2022-11-29,-1.0762523502713908,-1.0876297180732701,-1.0441148181199298,-1.056298365087782,-0.6699483255509003,2022,11,29,-0.026354741721657332,-0.2444761611765982,1294,-0.3972667800508378,-1.0943214856007388,0.0
2022-11-30,-0.9878663969463886,-1.0299034413931851,-1.0402416616339956,-1.072260941136984,-0.40028652164440726,2022,11,30,1.5296264091944305,1.2850969489837964,1295,-0.3964358488644817,-1.0971391728071709,0.08838595332500221
2022-12-01,-1.0391046132701414,-1.000723058097679,-0.9976365736266665,-0.981593504707996,-0.40968026869453883,2022,12,1,-0.8856551360038022,-0.7981257498246048,1296,-0.3955998891651138,-1.099815706335147,-0.051238216323752805
2022-12-02,-1.0128450120647625,-1.0527401314878821,-1.0692905182867627,-1.0990780740076673,-0.5871829473293158,2022,12,2,0.42646862006756986,1.3132492633139796,1297,-0.39475889116082064,-1.1022922644276776,0.026259601205378846
2022-12-05,-1.080095186201048,-1.0476652982158716,-1.0395961150035782,-1.0333122166282458,-0.4590570025096776,2022,12,5,-1.1694860269598122,-0.6385995720335773,1300,-0.39220556939925366,-1.1045150078355115,-0.06725017413628542
2022-12-06,-1.1300525381286752,-1.1111007775514836,-1.1009215608156677,-1.078645874504202,-0.26449412203113826,2022,12,6,-0.907728620732466,-0.704288286702902,1301,-0.39134432025612353,-1.1064400614739478,-0.04995735192762729
2022-12-07,-1.1633574398407456,-1.1739018875035794,-1.1448177414383003,-1.148242715656268,-0.14358366407609388,2022,12,7,-0.630962402912622,-0.16940690760835087,1302,-0.3904779838485002,-1.1080365881238858,-0.033304901712070345
2022-12-08,-1.1601549752637113,-1.1637522203252033,-1.1282922175176446,-1.1539892526115263,-0.6783039954813616,2022,12,8,0.03292700076535875,-0.03803125182471609,1303,-0.38960655038446834,-1.10928730365842,0.003202464577034325
2022-12-09,-1.153750289491402,-1.168192806009818,-1.1306160867498911,-1.1616513427493986,-0.7341304215646159,2022,12,9,0.09198011378499706,0.16841366691104911,1304,-0.3887300100721167,-1.110188464428056,0.006404685772309238
2022-12-12,-1.1230072376219837,-1.1510651974088821,-1.1390079457066453,-1.1603743072943224,-0.5443750293861892,2022,12,12,0.5395235206919117,0.600073487491056,1307,-0.38606965012599614,-1.1107391803207216,0.03074305186941828
2022-12-13,-1.1262097028394962,-1.0733567111172753,-1.0873654521121447,-1.0575752785887769,0.4045125462809915,2022,12,13,-0.08425478804720181,-0.9576537293223124,1308,-0.3851725845012237,-1.110936775704276,-0.00320246521751244
2022-12-14,-1.0948262802579334,-1.1136382550855493,-1.0964028576993161,-1.1188716344680163,-0.2939006345358978,2022,12,14,0.5421039526386828,0.40301089059311446,1309,-0.38427036306856,-1.1107728945145696,0.03138342258156279
2022-12-15,-1.1736050832335918,-1.1586773870531928,-1.1538552703220422,-1.1246181714232746,-0.29811250481652746,2022,12,15,-1.42784884718658,-0.6667518769798775,1310,-0.38336297603609415,-1.1102338717306799,-0.07877880297565842
2022-12-16,-1.1908980271331295,-1.2005447938993747,-1.1680569250104513,-1.1833604557538586,-0.016776587728168046,2022,12,16,-0.3484213147519994,-0.0567994613781782,1311,-0.38245041361191,-1.109302335014084,-0.017292943899537727
2022-12-19,-1.2562267221389074,-1.2278220690443318,-1.2306734640833759,-1.18591440470993,1.0835766502935338,2022,12,19,-1.2556963791326838,-0.9764201465529774,1314,-0.37968157606992126,-1.1079547113780779,-0.06532869500577787
2022-12-20,-1.255586351426763,-1.2747643091625245,-1.2358377131846132,-1.2689198735936296,0.48118560304615016,2022,12,20,-0.013811741088169455,0.25286880819492835,1315,-0.3787482141597325,-1.1061611490382177,0.0006403707121445112
2022-12-21,-1.2299671209335286,-1.250024510917278,-1.2189893543004637,-1.241464222995408,-0.20734882747617148,2022,12,21,0.47525049574503964,0.22471828618753237,1316,-0.3778096278982592,-1.1038866563102603,0.025619230493234335
2022-12-22,-1.276081637571977,-1.2861827151079332,-1.2725039694666145,-1.2555112458619957,0.07414024853148354,2022,12,22,-0.915001063563174,-0.24447795349938875,1317,-0.3768658074935858,-1.1010971519240207,-0.046114516638448455
2022-12-23,-1.276081637571977,-1.3099710198587877,-1.2647575338437074,-1.2855209673703694,-0.9590613122079374,2022,12,23,-0.026354741721657332,0.1965659812412356,1318,-0.3759167431537991,-1.0977633515933793,0.0
2022-12-27,-1.2914531023410072,-1.311556882736696,-1.281670533698498,-1.2963754015992668,-0.6486081827957102,2022,12,27,-0.33122503445434054,0.13087724780413487,1322,-0.3720678506052493,-1.0938540872351679,-0.015371464769030174
2022-12-28,-1.2792839804581315,-1.3102882651314287,-1.2739240980755908,-1.3014835434195713,-0.6136709315386087,2022,12,28,0.2173758078905256,0.38424447336244955,1323,-0.37109241971119244,-1.0893339948759047,0.012169121882875666
2022-12-29,-1.2587886936724393,-1.268737982396122,-1.2564947102350945,-1.2670043204110153,-0.4299568078435093,2022,12,29,0.38096552058763256,0.17779777168777683,1324,-0.37011168613054046,-1.0841670363588607,0.020495286785692235
2022-12-30,-1.2703173231522904,-1.302041584941836,-1.2597224433871816,-1.2880749156879374,-0.20483021413664346,2022,12,30,-0.2525296917987399,0.3185557399253488,1325,-0.36912564007137894,-1.0783236520938921,-0.011528629479851116
2023-01-03,-1.2299671209335286,-1.2449496776452675,-1.2093709197569456,-1.227417078174739,-0.061779783514531846,2023,1,3,0.7710194111703911,0.018271584512863034,1329,-0.36512813521137,-1.0717860825983347,0.040350202218761844
2023-01-04,-1.1947408624223086,-1.2309939159619137,-1.1900050159672992,-1.2044310516692838,-0.6862682592847339,2023,1,4,0.6524702214383061,0.19656598124123226,1330,-0.36411537988095777,-1.0645549156113459,0.035226258511219966
2023-01-05,-1.2177981207415327,-1.2284564384278482,-1.175157814002941,-1.2044310516692838,-1.100988577421881,2023,1,5,-0.4612461233203151,-0.14125459327816772,1331,-0.36309725332055454,-1.0566458849281004,-0.023057258319224117
2023-01-06,-1.1633574398407456,-1.194835590609493,-1.18484076622053,-1.1961304438038736,-0.29249667777568794,2023,1,6,1.0149388682870206,0.534384763437845,1332,-0.3620737457382468,-1.0480857763275266,0.05444068090078713
2023-01-09,-1.0993096085906149,-1.0990481233843241,-1.0718727041629008,-1.1041860932353877,0.17704602464044247,2023,1,9,1.159253076160357,0.1214949353501977,1335,-0.3589708389407562,-1.0389105983235214,0.0640478312501307
2023-01-10,-1.0583189133283506,-1.0863609793062374,-1.0718727041629008,-1.0978010385525911,-0.6354109892497374,2023,1,10,0.7047427170546761,0.6282258018212425,1336,-0.357925709351691,-1.0291635990425019,0.04099069526226429
2023-01-11,-1.038464120226639,-1.0692333707053017,-1.0221667271630817,-1.0441667734497273,-0.6347302829417568,2023,1,11,0.31968652152723553,0.13087904012692542,1337,-0.356875149781152,-1.0188903223208485,0.019854793101711676
2023-01-12,-0.9949115751217222,-1.027048839748244,-1.0040917933376998,-1.0052180489409892,-0.4567511098913935,2023,1,12,0.7244050698473876,0.1965659812412356,1338,-0.35581915043722656,-1.0081358316009004,0.043552545104916685
2023-01-13,-0.9686519745568217,-1.0070666301367224,-0.9743973900545154,-1.0160726051239677,-0.5054811727139508,2023,1,13,0.41570566210225024,0.7408314557286246,1339,-0.35475770152799946,-0.9969463879486178,0.02625960056490051
2023-01-17,-0.9840234393258518,-0.9893046521522701,-0.9553541979317925,-0.9675463598873273,-0.17569598415507612,2023,1,17,-0.28151791059821485,-0.1975574296157435,1343,-0.3504572143998086,-0.9853708608807599,-0.015371464769030063
2023-01-18,-0.9993950264262398,-0.9696396878133892,-0.9598729004026124,-0.9349826900613853,0.20215557857607486,2023,1,18,-0.2836171874247672,-0.9013508929847334,1344,-0.3493683707853714,-0.9734632498026461,-0.015371587100387996
2023-01-19,-0.9949115751217222,-1.020705267709201,-0.9950543877505282,-1.0294812328556016,-0.6151769942450157,2023,1,19,0.04930318916881316,0.5531547653140944,1345,-0.3482740188541511,-0.9612869069578652,0.0044834513045175495
2023-01-20,-0.9097279646828749,-0.95060909222367,-0.9447028641202919,-0.9764854848417728,0.010834561889292826,2023,1,20,1.4076465537934133,1.0223492032943353,1346,-0.34717414881423414,-0.9489161465361591,0.08518361043884737
2023-01-23,-0.8988398282465261,-0.9049354697107445,-0.8707895685475516,-0.8915645853680431,-0.07149686606095414,2023,1,23,0.14890909909378908,-0.06618176444822567,1349,-0.3438413321231635,-0.9364350735371577,0.010888136436348783
2023-01-24,-0.9372685513347805,-0.8992262670552175,-0.9840803422721044,-1.0269271619454494,-0.7161853015204789,2023,1,24,-0.6414886766875131,1.3601679948748344,1350,-0.3427192917293205,-0.9239320006461978,-0.0384287230882544
2023-01-25,-0.9142112930155563,-0.9499747228401537,-0.9653599844673438,-0.981593504707996,-0.7141687090830865,2023,1,25,0.35012489460573665,1.0317333174549526,1351,-0.34159168426721287,-0.911493704963798,0.023057258319224228
2023-01-26,-0.9315042369150941,-0.9343061759374821,-0.9324378486776035,-0.8979495180967584,0.21291073824216747,2023,1,26,-0.3053585893795398,-0.45092286285127087,1352,-0.34045849994492583,-0.8992010463197134,-0.017292943899537838
2023-01-27,-0.9097279646828749,-0.9374779016932984,-0.9201727105838765,-0.9509452661105872,-0.39628737208502157,2023,1,27,0.32814293156503327,0.6469922190519074,1353,-0.33931972897054585,-0.8871288031323693,0.02177627223221923
2023-01-30,-0.9564829743648257,-0.9410936732670447,-0.9143629148522215,-0.9190201140121834,-0.4179253238499532,2023,1,30,-0.7789594341891268,-0.5072274821277509,1356,-0.33586979821571195,-0.8753446132699166,-0.04675500968195079
2023-01-31,-0.8732207200846497,-0.9144508886673698,-0.9046799626346326,-0.9477527994269781,-0.6185805257849184,2023,1,31,1.3469188618093306,1.1349548759694967,1357,-0.334708582713823,-0.8639085972687789,0.08326225428017597
2023-02-01,-0.8373539691704054,-0.8579932295925518,-0.8465821266780597,-0.8756020093188412,-0.14252006046987428,2023,2,1,0.5403445356649859,0.600073487491056,1358,-0.3335417316002727,-0.8528794249112454,0.035866750914244294
2023-02-02,-0.7374393863655521,-0.7552276997830576,-0.7316775480257486,-0.7772726040675589,0.7797604073841168,2023,2,2,1.5242345068155172,0.6188416970445114,1359,-0.33236923508314753,-0.8423157474015945,0.09991458280485332
2023-02-03,-0.7348774148320202,-0.7247786988822843,-0.7491066892731038,-0.7932351801167609,0.24875843418619292,2023,2,3,0.01152817354294638,0.8909753304496046,1360,-0.33119108337053316,-0.8322745774390141,0.0025619715335318816
2023-02-06,-0.6829985831334074,-0.7082855808266303,-0.7006918055341198,-0.7063987274604171,0.911596201582249,2023,2,6,0.7398308216447488,0.37486216090850566,1363,-0.32762259914061964,-0.822807731978097,0.05187883169861274
2023-02-07,-0.6189507518832766,-0.6543652781241125,-0.6677697930409502,-0.6980981195950068,3.105095699589908,2023,2,7,0.8969504066233983,1.1912594952459767,1364,-0.326421728726912,-0.813958182475611,0.0640478312501308
2023-02-09,-0.555543536008006,-0.5084637238631692,-0.5231705651578452,-0.4918616664104586,1.8027768999903788,2023,2,9,0.8615242594699094,-0.9107332054386705,1366,-0.3240028656424121,-0.8057544589977013,0.06340721587527065
2023-02-10,-0.6573795973028886,-0.6328608479136809,-0.626455798294456,-0.6508487872208583,1.6213601600847138,2023,2,10,-1.4130105953839103,-0.06618534909380341,1367,-0.3227848533877915,-0.7982115952210354,-0.10183606129488265
2023-02-13,-0.7124607712471782,-0.6886204946916294,-0.6716430728234547,-0.6444638544921427,1.0348721139575257,2023,2,13,-0.8111378087537225,-0.9670378247151538,1370,-0.3190963762714829,-0.7913319761056647,-0.055081173944289574
2023-02-14,-0.5978150950259175,-0.6353346825343933,-0.7120533269466788,-0.7332157383770196,1.3592967403410536,2023,2,14,1.6490972024707249,2.0170391420373885,1371,-0.3178553711421861,-0.7851091440698034,0.11464567622126076
2023-02-15,-0.5337672637757866,-0.5795113928430918,-0.5835278759691643,-0.6119003066202819,0.7285627841951301,2023,2,15,0.8620939199371731,1.1724912856925214,1372,-0.31660859331443536,-0.7795294381749343,0.0640478312501308
2023-02-16,-0.5344076344879316,-0.5484281437205676,-0.5359522151793804,-0.5742286175666198,0.45278313234566187,2023,2,16,-0.03499255235681479,0.6094593845905709,1373,-0.31535603299631676,-0.7745744642362483,-0.0006403707121449553
2023-02-17,-0.627277038476973,-0.5801458833883736,-0.5928881165198299,-0.5512424691070836,0.4310005304902844,2023,2,17,-1.2793941915996387,-1.0890258004603695,1374,-0.31409768039591857,-0.7702237586143638,-0.09286940398904142
2023-02-21,-0.663784283075198,-0.6968671748812217,-0.6626054206431422,-0.6904361514112153,0.15447210170203765,2023,2,21,-0.5394699721110447,0.421780883085474,1378,-0.3090061513332385,-0.7664553958142161,-0.036507244598224964
2023-02-22,-0.6420080102025009,-0.6473875783907291,-0.6154816301649931,-0.6540414978126291,0.03511025059764902,2023,2,22,0.28481544516858465,0.20595187834074719,1379,-0.3077186904427305,-0.7632488776785988,0.021776272872697122
2023-02-23,-0.6464913391756604,-0.6708586378689428,-0.6490493125851505,-0.625947207532789,0.06639721427820484,2023,2,23,-0.08978826133764153,-0.2726284755067814,1380,-0.3064253785184592,-0.7605866830830021,-0.004483328973159506
2023-02-24,-0.7150224987584728,-0.7266819275602443,-0.6929454932077831,-0.6955440493233574,-0.3216649430726543,2023,2,24,-0.9979543433780953,-0.2538602565694429,1381,-0.30512620576850935,-0.7584529622620926,-0.06853115958281242
2023-02-27,-0.7054154707404867,-0.731122392083093,-0.6903633073316447,-0.6971404039807402,-0.32352837659075107,2023,2,27,0.11421217441788208,-0.0896429225514419,1384,-0.30119342464546417,-0.7568329700856765,0.009607028017986075
2023-02-28,-0.7239894007270292,-0.721606973126468,-0.6835852526571176,-0.6923515826397484,-0.4881827236623952,2023,2,28,-0.29690741906034485,-0.43215644562059935,1385,-0.2998707106736709,-0.7557114210443254,-0.018573929986542503
2023-03-01,-0.7412820999638516,-0.7482497583604979,-0.7013374754611077,-0.7127836601891326,-0.7212650723437837,2023,3,1,-0.2804409612926184,-0.38523413879805657,1386,-0.29854208691663153,-0.755074130042149,-0.017292699236822417
2023-03-02,-0.6964488134346455,-0.7342941172045548,-0.7439425634684368,-0.7696103919756057,-0.41812102691349756,2023,3,2,0.6377839541921021,1.1068007693165232,1387,-0.2972075435824335,-0.7549090322293827,0.04483328652920615
2023-03-03,-0.6400866540438289,-0.6841800308031349,-0.6425940928741173,-0.6763890065905465,-0.671428861770758,2023,3,3,0.791219456161786,0.5625370683841451,1388,-0.295867070879162,-0.7552083537767165,0.05636215939081657
2023-03-06,-0.6842795692204123,-0.6511935523682962,-0.6393664836641321,-0.6390366373776938,-0.3385124241951728,2023,3,6,-0.6510868417874986,-0.6339066140999369,1391,-0.2918099786357753,-0.7559698719698236,-0.044192915176583414
2023-03-07,-0.6676272406957348,-0.658171493790856,-0.6555047782437934,-0.6859666499110328,0.22608240530159102,2023,3,7,0.21384475956858873,0.29978933207856695,1392,-0.2904456905370756,-0.7571962638774989,0.016652328524677573
2023-03-08,-0.6759535272894311,-0.6816425532690696,-0.6606689040484605,-0.6757506108170894,-0.570692837018487,2023,3,8,-0.1455416056980822,0.027655689289590755,1393,-0.2890754241097344,-0.7588942284648119,-0.008326286593696386
2023-03-09,-0.7841942743566231,-0.6886204946916294,-0.7407149536129202,-0.6502103914474012,0.4040275430365553,2023,3,9,-1.5816925062947567,-1.9335772508346938,1394,-0.28769916956183783,-0.7610697142169075,-0.108240747067192
2023-03-10,-0.8616920912452768,-0.8462576995362677,-0.838190144424735,-0.8040896149841614,0.8229937667697312,2023,3,10,-1.1981687007718045,-0.8075098546013358,1395,-0.2863169171014732,-0.7637219569797931,-0.07749781688865365
2023-03-13,-0.8802660212318195,-0.9065214537504183,-0.8898327613158064,-0.8944378541649238,0.12093029837629628,2023,3,13,-0.31812722456035125,0.2481776519679581,1398,-0.2821340743264278,-0.7668363303633257,-0.018573929986542725
2023-03-14,-0.7816323021826134,-0.7583996672280503,-0.7484612659392569,-0.7440704165140792,0.9666398154113258,2023,3,14,1.537632929623961,-0.5166080116427872,1399,-0.2807277322970494,-0.770374782871738,0.09863371904920615
2023-03-15,-0.806611039632345,-0.8335705554581809,-0.7984899546059991,-0.814944171805643,0.4725406329347972,2023,3,15,-0.4035815148105807,0.15902956213432137,1400,-0.27931534339563546,-0.7742638188932742,-0.02497873744973167
2023-03-16,-0.7579346731512443,-0.7913859033393581,-0.7878387440910692,-0.8302682301273067,-0.24136712521749923,2023,3,16,0.717719159686005,1.0974184568625827,1401,-0.27789689783026983,-0.7783940826290633,0.04867636648110074
2023-03-17,-0.8187800391838627,-0.8186631791186697,-0.7904208073161685,-0.7798264310695492,0.3591689973406374,2023,3,17,-0.9348487248359555,-0.5353780041351435,1402,-0.276472385809039,-0.782626502903343,-0.060845366032618364
2023-03-20,-0.809172888834519,-0.8256411205412294,-0.7936485404682558,-0.8296297123997687,-0.7422733707738333,2023,3,20,0.12137952181764693,0.337323958862694,1405,-0.2721623530910193,-0.7868034442529339,0.009607150349343674
2023-03-21,-0.749608386557548,-0.7761615240507368,-0.7439425634684368,-0.7830188977531582,-0.263872977525106,2023,3,21,0.8852973670489979,0.5250006586611173,1406,-0.2707134773271922,-0.7907562992134781,0.059564502276970965
2023-03-22,-0.835432490039898,-0.8028043092847666,-0.7910663539465859,-0.7670563217039563,0.14933276907678453,2023,3,22,-1.3027413965632222,-0.9670378247151538,1407,-0.26925848614793235,-0.7943158308002107,-0.08582410348234992
2023-03-23,-0.8572087622721171,-0.8357907877196054,-0.8394812376855698,-0.8117517051220338,-0.5168659857149255,2023,3,23,-0.36398228486336315,-0.6292154578729633,1408,-0.2677973697613236,-0.7973226160033403,-0.021776272232219118
2023-03-24,-0.8847493495645009,-0.9023981133384447,-0.8691756403232226,-0.8717709035921161,-0.6897313526265849,2023,3,24,-0.45801058919020393,-0.1506386980548921,1409,-0.2663301183754556,-0.7996377270582008,-0.027540587292383845
2023-03-27,-0.8930755138268397,-0.9093759335992387,-0.8788587158373823,-0.8660243659983546,-0.4223243883652774,2023,3,27,-0.1586792841725032,-0.3570836167906639,1412,-0.26189145630314803,-0.8011489147323039,-0.008326164262338787
2023-03-28,-0.9283018946694176,-0.9207943395446475,-0.8891872146853886,-0.8979495180967584,0.017522501365201684,2023,3,28,-0.5885709661059166,-0.4040041406743059,1413,-0.260399567001099,-0.80177539205706,-0.0352263808425779
2023-03-29,-0.8770635560143071,-0.9182569831723476,-0.8749854367004092,-0.8922029811415002,-0.33727864401195806,2023,3,29,0.8063713309900606,0.2622529129716561,1414,-0.2589014937402214,-0.8014642023264857,0.051238338655110516
2023-03-30,-0.856568269869093,-0.8579932295925518,-0.8310893787288157,-0.8360147670825651,-0.5632901559191986,2023,3,30,0.29810281337192085,-0.26324437073005696,1415,-0.2573972267286,-0.8001860791515527,0.02049528614521412
2023-03-31,-0.8239038612005248,-0.8583104748651929,-0.8097868350479172,-0.8411227863102853,-0.6855365000036548,2023,3,31,0.48544488501606703,0.2904052179179529,1416,-0.2558867561743208,-0.7979326375735005,0.03266440866856812
2023-04-03,-0.8392754483009129,-0.8640196775207197,-0.8125625739462669,-0.8360147670825651,0.0551145072234273,2023,4,3,-0.26332835149926986,-0.009880729817323465,1419,-0.2513180253364089,-0.7947133052864083,-0.015371587100388107
2023-04-04,-0.8437587766335943,-0.8402312516080999,-0.8049452969680715,-0.8079205993953087,-0.6581125446208886,2023,4,4,-0.09599852992784884,-0.4884592725742921,1420,-0.24978264269236616,-0.7905558687535329,-0.004483328332681391
2023-04-05,-0.8610515982017743,-0.897006034793793,-0.8575561721564837,-0.8711323858645779,-0.47973345661458666,2023,4,5,-0.29557956438429517,0.18718187646450454,1421,-0.24824100754609768,-0.7855094939258654,-0.017292821568180017
2023-04-06,-0.8572087622721171,-0.8808300408490145,-0.8556195322652311,-0.872409420681151,-0.7142708150292836,2023,4,6,0.03399185586117737,0.2622529129716561,1422,-0.2466931101056904,-0.779641259204506,0.0038428359296572845
2023-04-10,-0.8213420113578727,-0.8621165693701708,-0.8485186432727414,-0.870493990091121,-0.5461193393003894,2023,4,10,0.5358007634411842,0.7595996746659731,1426,-0.2404387015643974,-0.7730258106498612,0.035866750914244405
2023-04-11,-0.8610515982017743,-0.861165075875779,-0.8310893787288157,-0.8200521910333632,-0.5083911921805676,2023,4,11,-0.6377597553743876,-0.5635285261425428,1427,-0.23885934577459045,-0.7657429734696234,-0.03970958684390169
2023-04-12,-0.8949969929573471,-0.8833673972213144,-0.8620748746273035,-0.8558083275429142,-0.5885103246298778,2023,4,12,-0.5594217564478482,-0.5353780041351435,1428,-0.23727366893916102,-0.7578723755507575,-0.03394539475557279
2023-04-13,-0.8405563120565602,-0.8744864688099712,-0.8433543941715042,-0.8784752781157219,-0.663838986436775,2023,4,13,0.8433755889053132,0.5953823312640858,1429,-0.2356816612661965,-0.7494864006797066,0.05444068090078691
2023-04-14,-0.8379944622139078,-0.8725833606594221,-0.8278616455767284,-0.8481463587206197,-0.9384784552203757,2023,4,14,0.013466213415482984,0.18718186708061815,1430,-0.23408331296378337,-0.7406433864494909,0.0025618498426523972
2023-04-17,-0.7995656167942958,-0.8364252776305326,-0.7826744949898318,-0.7919581446616848,0.19781607586269886,2023,4,17,0.5702176698558881,-0.07556408628605257,1433,-0.22925012636071385,-0.7313863251266448,0.038428845419612
2023-04-18,-0.8219825044013751,-0.7894829163505745,-0.7839654649540961,-0.780465070751168,-0.35590447036407574,2023,4,18,-0.36784748273529433,-0.5729126309192705,1434,-0.2276263176213673,-0.7217485237464595,-0.022416887607079272
2023-04-19,-0.8021275883278277,-0.8250068723194786,-0.8130144442579021,-0.8455922884489706,-0.7708460180513167,2023,4,19,0.2794460013168993,0.6751445333820906,1435,-0.22599611929300556,-0.7117624783541227,0.01985491607354739
2023-04-20,-0.8367134761269029,-0.8459404542636269,-0.7975216963086582,-0.8347377316274891,-0.8623074193573527,2023,4,20,-0.553884489510486,0.008887479736135313,1436,-0.22435952158371153,-0.7014558109377261,-0.03458588779907523
2023-04-21,-0.8796255281883171,-0.8827331489995637,-0.906616602525885,-0.8449537707214325,1.502806647721052,2023,4,21,-0.6921018301294386,-0.4696910724047264,1437,-0.22271651470157305,-0.6908499631893309,-0.04291205206141413
2023-04-24,-0.8892326778971824,-0.9081073159939715,-0.8730489201057273,-0.8883719967303528,-0.7049706650964994,2023,4,24,-0.17864130339529105,0.027655689289590755,1440,-0.21774894109895104,-0.6799611866180415,-0.009607149708865337
2023-04-25,-0.9590448242074778,-0.9455342589516594,-0.916686784084468,-0.910081110373316,-0.2112033269451113,2023,4,25,-1.1383839053322304,-0.6761359817566052,1441,-0.2160801996062971,-0.6688019783754809,-0.06981214631029542
2023-04-26,-0.9532805091473131,-0.9677365796628402,-0.9224320621420522,-0.9509452661105872,-0.7321223379560734,2023,4,26,0.06884664822315706,0.008887489120021703,1442,-0.21440499998122897,-0.6573786828361217,0.005764315060164726
2023-04-27,-0.9519995237007863,-0.9645648539070238,-0.9382476450547903,-0.9273207218775941,0.3754378781013724,2023,4,27,-0.0052625922164963625,-0.3195471976837464,1443,-0.21272333243183272,-0.6456846008185326,0.0012809854465267723
2023-04-28,-0.8655350488658136,-0.8947858025323686,-0.9256596713520372,-0.9560532853383076,0.4794498019607997,2023,4,28,1.3963729809637009,1.3695503073287716,1444,-0.2110351871661975,-0.6337001044277982,0.08646447483497277
2023-05-01,-0.7572940577763844,-0.7850424524620802,-0.7742825127365072,-0.8040896149841614,2.2961698496723777,2023,5,1,1.677257345495221,0.7220650478818461,1447,-0.20593178715270755,-0.6213980407525656,0.1082409910894292
2023-05-03,-0.4306502163938991,-0.4456627350728388,-0.47798353786751885,-0.500800670049326,3.8884865541293188,2023,5,3,4.849337934567066,1.0504997253017312,1449,-0.2024969523774267,-0.6087490141336332,0.32664384138248526
2023-05-04,-0.45306685933826324,-0.4805521998621067,-0.45635803592655555,-0.45418997735679645,1.8666696958232027,2023,5,4,-0.31586235660135265,0.03704158638910568,1450,-0.20076973518415864,-0.5957310456922853,-0.02241664294436413
2023-05-05,-0.43641453081358567,-0.471036781539836,-0.44441585544736134,-0.45418997735679645,0.15271928295898773,2023,5,5,0.19071538353972084,0.2810211225251115,1451,-0.19903597173125265,-0.5823357360043135,0.016652328524677573
2023-05-08,-0.3672427558559132,-0.4088700403369022,-0.4050383772955489,-0.4324808643523362,0.6901284042807785,2023,5,8,0.8691182886349673,0.9754304811173669,1454,-0.19379530589558103,-0.5685612401283487,0.06917177495767246
2023-05-09,-0.4082335728090571,-0.4310723616824376,-0.37760332557054027,-0.3897010334783701,-0.2973296925623498,2023,5,9,-0.5422478300208441,-0.2538638412150173,1455,-0.19203525948499234,-0.5544138264289734,-0.04099081695314388
2023-05-10,-0.36980472738944514,-0.40760130220422397,-0.3604967726935381,-0.3826777049761975,-0.2850344348744512,2023,5,10,0.46539964203695033,0.20595187834074719,1456,-0.19026861785519733,-0.5399066683630881,0.038428845419611946
2023-05-11,-0.3935026010835293,-0.3930111705029992,-0.3495226045640752,-0.38012363406604555,-0.5416522041542671,2023,5,11,-0.32491372080975,-0.1787910123850786,1457,-0.18849537121428428,-0.525066558219079,-0.02369787369408416
2023-05-12,-0.39158100026214226,-0.3898394453815374,-0.3585600101512467,-0.38012363406604555,-0.1077785122763172,2023,5,12,-0.0019121990330686167,-0.15063691511599128,1458,-0.18671550977033835,-0.509929889726582,0.0019216008213870373
2023-05-15,-0.41143591569521176,-0.4374160548832465,-0.3721161182092384,-0.3992786767988565,-0.43010145793395516,2023,5,15,-0.27870992848771475,-0.16002280283162315,1461,-0.18133613870116605,-0.49453468385065985,-0.019854915433069498
2023-05-16,-0.45626944624665516,-0.4583496368273948,-0.4076205631716872,-0.42545729130349913,-0.08953558322243858,2023,5,16,-0.6008187243526487,-0.43215644562059935,1462,-0.1795297201259527,-0.47892181895219793,-0.0448335305514434
2023-05-17,-0.4306502163938991,-0.47071953626719515,-0.41278468962188564,-0.4382274013075946,-0.28478767883780826,2023,5,17,0.308048741473439,0.13087904012692542,1463,-0.17771663778813762,-0.463139890633856,0.025619229852756054
2023-05-18,-0.3403427839383895,-0.37334608500235267,-0.3869635661212058,-0.4222648252583927,0.4209090594744728,2023,5,18,1.139952338289928,1.2194100172533726,1464,-0.17589688189580688,-0.4472446613010574,0.0903074324555096
2023-05-19,-0.3448261122710712,-0.37334608500235267,-0.3124044773249071,-0.34117490955730745,-0.26637457320693453,2023,5,19,-0.08217623249604193,-0.03803124244083303,1465,-0.17407044265704785,-0.4312997459128117,-0.004483328332681669
2023-05-22,-0.3454667276459312,-0.3092763574449897,-0.30201146144836183,-0.3488368777410989,0.3999347963598223,2023,5,22,-0.03434523276394357,0.06518852375092722,1468,-0.1685509269430603,-0.41537642397432,-0.0006406153748600429
2023-05-23,-0.3781310139831415,-0.3631964178239767,-0.3385486823822218,-0.3577758813799664,-0.35753816550322903,2023,5,23,-0.4338852904042304,-0.28201436322241324,1469,-0.16669765639944822,-0.39954953194845905,-0.03266428633721025
2023-05-24,-0.42296454517506277,-0.42599764893783787,-0.3863178961942179,-0.4177953231197077,-0.06863789956743584,2023,5,24,-0.5930918432512421,-0.05679946137817153,1470,-0.16483765354984126,-0.3838917972848867,-0.044833531191921294
2023-05-25,-0.42360491588720767,-0.4307553587333276,-0.4021333558103853,-0.390339673159989,-0.3613841561433191,2023,5,25,-0.034598890376110594,-0.46968928008193583,1471,-0.16297090860232233,-0.3684713851531121,-0.0006403707121448998
2023-05-26,-0.39158100026214226,-0.41965419806055987,-0.3572689168904119,-0.40566360952757197,-0.71929102405064,2023,5,26,0.38603057204288077,0.22471649386474518,1472,-0.16109741176497883,-0.35334658066333036,0.0320239156250654
2023-05-30,-0.44858353100558157,-0.4006233607816642,-0.39987400489774094,-0.37437709711078715,-0.40316250579562507,2023,5,30,-0.7508546440450717,-1.070257600290797,1476,-0.1535357096790806,-0.3385599883515873,-0.057002530743439306
2023-05-31,-0.42488590133373466,-0.4646933300282036,-0.43150517072321665,-0.4688755179509223,0.9891456677189325,2023,5,31,0.28197814959650425,0.6657604286053629,1477,-0.15162830651390857,-0.3241406603613209,0.02369762967184691
2023-06-01,-0.3896596434629925,-0.4361473161162138,-0.4189173203170345,-0.45291294190172043,-0.4906247575422754,2023,6,1,0.4275076633962491,0.9472763744643965,1478,-0.14971409270742742,-0.31010445639470813,0.035226257870742184
2023-06-02,-0.30959985440032906,-0.34797203853535547,-0.30691751655674615,-0.3571374856065093,-0.1420435660542879,2023,6,2,0.9904087170791237,0.7126791507823312,1479,-0.14779305846772672,-0.29645037640294347,0.08005978906266342
2023-06-05,-0.26540693858326775,-0.2908800100770214,-0.27464092739742346,-0.3252123335081056,0.11378288214250055,2023,6,5,0.5172392444012357,0.8909717551879133,1482,-0.1419889352301631,-0.28316384334920275,0.04419291581706131
2023-06-06,-0.27629495268825877,-0.2946862263781193,-0.24688304070892092,-0.2773884205470296,-0.7071914694262859,2023,6,6,-0.15799627492017576,0.0285935620704287,1483,-0.1400405213384439,-0.2702217637112112,-0.010888014104991017
2023-06-07,-0.3569951124630671,-0.3251352272788927,-0.332093216723579,-0.2779630011339571,0.06573352562792381,2023,6,7,-1.0061809604118737,-1.1453304291207358,1484,-0.1380852380539337,-0.2575930040149886,-0.08070015977480832
2023-06-08,-0.2756545819761139,-0.3010296772553973,-0.30433533003507646,-0.34564441105748983,-0.21949092624477445,2023,6,8,0.9931618385510229,1.0411138282022163,1485,-0.13612307558472025,-0.24523943168786239,0.08134053048695317
2023-06-09,-0.2288994499628056,-0.27755861777718366,-0.24107324497726598,-0.2900947147260928,-0.08072043653409051,2023,6,9,0.5411847431008766,0.90974354000306,1486,-0.134154024138891,-0.2331103179441647,0.04675513201330833
2023-06-12,-0.18086357652520751,-0.23029925354811548,-0.17393788078248237,-0.21283590539023545,-0.5865703116521332,2023,6,12,0.5463467341023766,0.4780855117458403,1489,-0.12820543802256568,-0.2211447659851338,0.048035873437598076
2023-06-13,-0.2019994780452819,-0.22490705384169843,-0.1849120489119453,-0.18154914906528882,-0.5293994906106172,2023,6,13,-0.2738169368357087,-0.29139667567635374,1490,-0.12620873275113142,-0.20928148973868171,-0.021135901520074385
2023-06-14,-0.21096613535112313,-0.24013167545385056,-0.20556904660795808,-0.21028183448008347,-0.6640091630137701,2023,6,14,-0.132174286630195,-0.000494832717805203,1491,-0.12420508954351384,-0.19746780091080593,-0.00896665730584123
2023-06-15,-0.07710615843117505,-0.10311104960425051,-0.18168443905642867,-0.22815984175781842,1.5823386709797291,2023,6,15,1.5587458151891518,2.2234858437120577,1492,-0.12219449860779674,-0.1856644511431273,0.13385997691994808
2023-06-16,-0.06685851503832892,-0.10850300698713672,-0.07904487584680578,-0.09726676731909711,0.43391905878575104,2023,6,16,0.08914347288138456,0.44993141447675306,1493,-0.12017695015206664,-0.17384667518219876,0.010247643392846131
2023-06-20,-0.15332323389553895,-0.12087290642693707,-0.11196688833997538,-0.11642180941340541,-0.25101613713312343,2023,6,20,-0.9972907079802261,-0.5353797964579341,1497,-0.11203698529074657,-0.16200574202842066,-0.08646471885721004
2023-06-21,-0.12193968898261845,-0.13685881976401512,-0.1281051829196367,-0.13366142091768327,-0.08209886680775112,2023,6,21,0.3373416244391949,0.17779777168777683,1498,-0.10998450235624668,-0.15015220087529582,0.0313835449129205
2023-06-22,-0.11233241694239511,-0.09549885995993987,-0.09970187354281858,-0.14643153028327605,-0.284132499016377,2023,6,22,0.0837027942326726,0.5062360243693532,1499,-0.10792500315025277,-0.13831572223275027,0.009607272040223339
2023-06-23,-0.07838714451817995,-0.10279380433160963,-0.09195531462334092,-0.12791488396242484,0.02312131074834167,2023,6,23,0.3611478425364385,0.7314473603357866,1500,-0.10585847788085001,-0.12654843198704635,0.03394527242421516
2023-06-26,-0.009215613582744744,-0.021279222900670143,-0.004808622014001033,-0.05384854067167395,0.9199433626838603,2023,6,26,0.7536172824082858,0.6563745315058479,1503,-0.09961664777305312,-0.1149197138997154,0.06917153093543521
2023-06-27,-0.047003599605259454,-0.034600615834862264,-0.00028991954318094345,0.006170657798408167,0.5761100976940372,2023,6,27,-0.4420889449666452,-0.7793557573322485,1504,-0.09752192033087992,-0.10350217525080155,-0.03778798602251471
2023-06-28,-0.02074399839988063,-0.008592078822583324,-0.028047806231683504,-0.06981111672087581,0.45148128153164907,2023,6,28,0.2664358949478282,0.7220650478818461,1505,-0.09542011786572813,-0.0923686588324189,0.026259601205378822
2023-06-29,-0.12706338866792288,-0.06949032294766093,-0.10615709260832046,-0.03213942766721369,0.48618879440980717,2023,6,29,-1.2008138193636513,-1.3893099652567416,1506,-0.09331123058568647,-0.0815890305102665,-0.10631939026804225
2023-06-30,-0.08927540264540819,-0.12341038332664796,-0.053869175679972896,-0.09471269640894514,-0.46535353585849765,2023,6,30,0.4073444539965025,0.08395673330438266,1507,-0.09119524869883966,-0.07122483824861824,0.037787986022514694
2023-07-03,-0.09439910233071264,-0.12531337031543152,-0.07581702004367959,-0.09088183395187897,-1.3021287826012826,2023,7,3,-0.08435663672691168,-0.0474135642786566,1510,-0.08480463747833378,-0.06132796758655157,-0.0051236996853044475
2023-07-05,-0.057891857732487687,-0.09486436941465813,-0.055805692274654685,-0.10875984122961392,-0.6084635282825576,2023,7,5,0.3876860272401853,0.7502155698892421,1512,-0.0805085774455554,-0.05193945752193793,0.03650724459822495
2023-07-06,-0.1571659474938385,-0.15068765910595955,-0.12164996385413483,-0.10237466459273663,-0.416742596639837,2023,7,6,-1.1375560149249155,-0.7981275421473953,1513,-0.07834982228769372,-0.043087927292392324,-0.09927408976135081
2023-07-07,-0.10592773117008576,-0.1430754694616489,-0.1170664971161031,-0.16111707151590457,-0.6764575796209643,2023,7,7,0.5682786613294503,0.8159025110035489,1514,-0.07618390397962971,-0.034791696226365965,0.051238216323752736
2023-07-10,-0.1142540177637821,-0.13800051502787272,-0.08485467157846072,-0.12855327973588196,-0.6006864587138798,2023,7,10,-0.12118204252974916,0.21533060614911329,1517,-0.06964307223509847,-0.02706179131927545,-0.008326286593696344
2023-07-11,-0.013058327181044297,-0.044750524702414626,-0.1296545934698948,-0.15920164028737147,0.7899284578595762,2023,7,11,1.129655807064519,2.148416599527694,1518,-0.06744840340709768,-0.019904953207755784,0.10119569058273781
2023-07-12,-0.0028106837881981665,-0.009860817589615968,0.013911858441798593,0.025964339574335346,-0.08945049493394101,2023,7,12,0.08653981614074063,-0.4227705485210844,1519,-0.06524652246932439,-0.013318825120923247,0.010247643392846131
2023-07-13,0.06892281868076892,0.035495559650668654,0.05600055846342208,0.03937284471338523,-0.14364322587804218,2023,7,13,0.7610670372827798,0.4311632049232976,1520,-0.06303741962986953,-0.007283371677916431,0.07173350246896709
2023-07-14,0.011920287937329625,0.06499306769140466,0.051998243332776174,0.08374878697507494,-0.07295187579426254,2023,7,14,-0.6367189434586747,-1.056182339287099,1521,-0.06082108509681827,-0.0017591927636235187,-0.0570025307434393
2023-07-17,0.06059653208707257,0.017416458189695616,0.04812496419580303,0.005532262024951072,-0.08027797743390316,2023,7,17,0.5052202824460283,0.806516604520151,1524,-0.05412859341694798,0.0033075928632671594,0.04867624414974295
2023-07-18,0.18228750945550265,0.15063086773819773,0.10234964366644193,0.04767345257879561,1.679543531759351,2023,7,18,1.2803940469700832,1.9701204198604203,1525,-0.05188323419037344,0.007978086319586858,0.12169097736843007
2023-07-19,0.16371357946896017,0.16014628669482275,0.18045893068861027,0.16004988069666573,-0.07576829814353206,2023,7,19,-0.21781312914649853,0.0464238988430462,1526,-0.04963059431063277,0.012312417405390307,-0.018573929986542476
2023-07-20,0.1284873209577401,0.1347719979042947,0.13591732608659943,0.0942841452713252,0.017352324788206547,2023,7,20,-0.39169858447925143,0.49685013665372135,1527,-0.04737066398581291,0.016368494072536145,-0.03522625851122008
2023-07-21,0.17075887997565162,0.12462233072591879,0.1630295428481141,0.12493226255315558,-0.2301184534781207,2023,7,21,0.41723610568938246,0.6657604192214798,1528,-0.04510343342400125,0.020206005679112956,0.04227155901791152
2023-07-24,0.17652319439533817,0.1379437236601109,0.1991794111444099,0.15749605369467554,-0.528531590067942,2023,7,24,0.033289739692344326,0.2716352254255966,1531,-0.03825784239747554,0.023885048292971427,0.005764314419686556
2023-07-25,0.16691592235511482,0.14936212897116508,0.2049892075215962,0.16643505733354302,-0.7396866868035071,2023,7,25,-0.12557398301627068,-0.0004984079794965595,1532,-0.03596131296855498,0.02745909743205991,-0.009607272040223352
2023-07-26,0.1758828236831933,0.13826096893275178,0.18497763315943036,0.1568574146515593,-0.5288379079065333,2023,7,26,0.06654555003098549,0.27163880068728796,1533,-0.03365743434307511,0.030973433083792006,0.00896690132807848
2023-07-27,0.1310492931317499,0.17219894022762783,0.16787108028242814,0.21751525216475767,-0.4160278550164574,2023,7,27,-0.48947153125141685,-1.2767043019654665,1534,-0.031346196729121534,0.03446726115737485,-0.0448335305514434
2023-07-28,0.2290423968060958,0.19376701335141233,0.19078742889108527,0.1626039516068177,-0.487280787804321,2023,7,28,1.0010863970421882,0.966044584017852,1535,-0.029027590334778086,0.03797289094399449,0.09799310367434591
2023-07-31,0.31358551420144093,0.26100870835376794,0.28374416382522105,0.27178791304107874,1.3491116722078946,2023,7,31,0.8318931075381789,0.600073487491056,1538,-0.022027460550277933,0.04151188318179721,0.08454311739534512
2023-08-02,0.15346593607611403,0.1477763872550224,0.12365206469630168,0.0933264302955613,1.1420918662933113,2023,8,2,-1.6084436278803187,0.8768964848003322,1540,-0.017323683940251744,0.045091639295719334,-0.1601195781253269
2023-08-03,0.08621576258030651,0.15697431861547573,0.13139862361577934,0.10386178859181157,0.20144083695269527,2023,8,3,-0.7262062064035172,-0.2632461536689578,1541,-0.014960659233388629,0.048701819356465934,-0.06725017349580752
2023-08-04,0.04074186067624033,0.06372432892437202,0.08169264661596053,0.08981464377114279,0.23469334009754492,2023,8,4,-0.5104105946528252,-0.7230547133174566,1542,-0.012590197202740683,0.05231209729546014,-0.04547390190406618
2023-08-07,0.02472990286370764,0.009804026221854148,0.04037865186946631,0.026602735347792443,-0.06457067937725208,2023,8,7,-0.19947446193885976,-0.02864535472520116,1545,-0.005434089248954166,0.05587804780667323,-0.01601195781253269
2023-08-08,0.038179889142708444,-0.008592078822583324,0.021335335804641364,-0.005960812524068373,-0.6925477749758544,2023,8,8,0.11987398027056997,0.6469922190519074,1546,-0.003033780004031872,0.059344567412547226,0.013449986279000802
2023-08-09,-0.029070284993576986,0.0053635616990053096,0.0055198761884739855,0.04192691562353721,-0.2355555951131153,2023,8,9,-0.7541010782973632,-1.0421070782834012,1547,-0.0006259844757550148,0.06264713727687121,-0.06725017413628542
2023-08-10,0.0023130152566283734,-0.012398294489326861,0.02165817076813531,-0.029585356757061716,-0.5082465420901218,2023,8,10,0.3213431797738684,0.468696030000751,1548,0.001789307127786799,0.06572636260179977,0.03138330025020536
2023-08-11,-0.054689515486810926,-0.06822158418062828,-0.028693229565530453,-0.037885964622472096,-0.5708204694512334,2023,8,11,-0.6509516643805939,-0.24447795349938542,1549,0.004212104598510624,0.06853657185184985,-0.0570025307434393
2023-08-14,0.018324973069161064,-0.031111887129936032,-0.05193241313768155,-0.06981111672087581,-0.6000908406943969,2023,8,14,0.789980971647656,1.294479261437737,1552,0.011525630132899867,0.07103994134012502,0.07301448855597199
2023-08-15,-0.030991641792726763,-0.03142889007904607,0.016493798370327332,0.006809296841524418,-0.8063533608413519,2023,8,15,-0.5637222117108374,-0.5541444213658151,1553,0.013978548991481876,0.07320372209093973,-0.04931661486188783
2023-08-16,-0.058532228444632566,-0.06631835550266829,-0.022883433188344147,-0.03916300007754808,-0.6722457093403347,2023,8,16,-0.33168660619817325,-0.2820107785768388,1554,0.016439022676814297,0.07499698857271775,-0.027540586651905802
2023-08-17,-0.03803694229941822,-0.03269762884607871,0.010038579304825454,-0.02639289007345265,-0.13229244819246658,2023,8,17,0.2031069913185913,-0.16940512466944674,1555,0.018907060980808854,0.07639613215687639,0.02049528614521435
2023-08-18,0.008077330316792843,-0.03396636761311136,-0.03643978783947673,-0.08449665731500168,-0.48919527429551624,2023,8,18,0.48617542397116037,1.3601662025520438,1556,0.02138267369537994,0.07739257304668501,0.04611427261621106
2023-08-21,0.00423461671849329,-0.004786104845016222,0.016493798370327332,0.02468730411925936,-0.6398015449362119,2023,8,21,-0.06837591965744057,-0.3007789881302943,1559,0.028855056221689157,0.07799726290832089,-0.0038427135982995525
2023-08-22,-0.013698942555904316,-0.012398294489326861,0.017139468297315223,0.022133233847610026,-0.7897526357554763,2023,8,22,-0.22272700328643874,-0.5259939087423022,1560,0.031361064497703595,0.07824111389992325,-0.017933559274397607
2023-08-23,0.03689890305570355,0.015196225928271197,0.015848375036480383,-0.037885964622472096,-0.7024520517569713,2023,8,23,0.5311890224928154,1.0974184568625827,1561,0.03387469614386207,0.078171736776403,0.050597845611607864
2023-08-24,0.007436959604647964,0.02185692207819006,0.05716236978297459,0.04128851985008011,-0.404319706519192,2023,8,24,-0.3453178017934379,-0.4978433773510232,1562,0.03639596095208075,0.0778507650527192,-0.029461943451055586
2023-08-25,-0.03867755767427824,-0.03396636761311136,-0.04354043088435694,0.007447692614981513,-0.3189846619849809,2023,8,25,-0.5307430904373024,-0.6761359817566052,1563,0.03892486871427003,0.07734649655987397,-0.0461145172789262
2023-08-28,-0.02650831281956719,-0.054265701335508815,-0.002872106064850622,-0.030862392212137706,-1.0599675135372035,2023,8,28,0.108929278716672,0.06519210839650164,1566,0.04655754764381559,0.07672679089993453,0.012169244854711048
2023-08-29,0.05034888869422644,0.013292996615956816,0.0235946873628171,-0.02447745948342221,-0.9824265562293697,2023,8,29,0.8243804349510477,1.0974184568625827,1567,0.049117125141033835,0.07605505332474997,0.07685720151379363
2023-08-30,0.12464436333720333,0.08719538840258567,0.09976745779030363,0.048311848352252704,-0.25628310219112294,2023,8,30,0.7742637769584402,1.116186666416038,1568,0.051684394551791524,0.07538699022239588,0.0742954746429769
2023-08-31,0.17075887997565162,0.13921246179278915,0.17852241409392847,0.13387126619202305,-0.3078125697052502,2023,8,31,0.45818776694328917,0.5343865463767492,1569,0.054259365668005266,0.07476509144452956,0.04611451663844829
2023-09-01,0.15858988042413363,0.14745914198238153,0.19853398781056295,0.18622849583981105,-0.7040517115807257,2023,9,1,-0.15226974474416227,-0.4133846514215695,1570,0.056842048281587676,0.07422030515662377,-0.012168999551517984
2023-09-05,0.12720633551121313,0.11193518664783196,0.16432063610894893,0.14536434010253985,-0.5462384629042859,2023,9,5,-0.35239799842826747,-0.2726284661228983,1574,0.06725008954787492,0.07377256446315977,-0.0313835449129205
2023-09-06,0.08557539186816163,0.09353883927986366,0.1197790315069381,0.11152375677560306,-0.7333476093104384,2023,9,6,-0.463410778608181,-0.3852341294141735,1575,0.06987147652700543,0.07343314303639101,-0.041630943643051505
2023-09-07,0.10927302089953066,0.08275492451409122,0.09653984793478701,0.05788949167273907,-0.6729774686214137,2023,9,7,0.225954258742247,0.7502155698892421,1576,0.07250063375498739,0.07320172308766301,0.02369762903136903
2023-09-08,0.17139949535051163,0.1189131280703917,0.16238411951426715,0.11152375677560306,-0.5891910309378584,2023,9,8,0.6298173448900662,0.8722071302800322,1577,0.07513757102373342,0.07306799639746958,0.062126474450980976
2023-09-11,0.28028061312984853,0.22802222991892926,0.25146757466589836,0.2009142803420987,-0.32963771570487643,2023,9,11,1.1000208032231185,1.1537195008773744,1580,0.08309516099369318,0.07301845402849469,0.1088811177793369
2023-09-12,0.2149517957927129,0.24185106989522853,0.2676058692455597,0.23922436516921794,-0.3465107233139442,2023,9,12,-0.6787058277888278,-0.36646950450629245,1581,0.08576331634463319,0.07303268842773943,-0.06532881733713564
2023-09-13,0.23032338289310073,0.18932654882856348,0.2275827211667594,0.18622849583981105,-0.8670128017112682,2023,9,13,0.13040786046794414,0.6376099065979669,1582,0.08843930069590744,0.0730771016210974,0.015371587100387829
2023-09-14,0.24057102564546892,0.21057737604535273,0.2614732385504108,0.25774101212857176,-0.8349855699207835,2023,9,14,0.077632018208564,-0.2632461630528409,1583,0.09112312383942722,0.07310608176536341,0.010247642752368197
2023-09-15,0.1893328099621941,0.19757322901815585,0.22693729783291244,0.2296467224872342,-0.5748281278394689,2023,9,15,-0.5445669274181385,-0.6010631529266665,1584,0.09381479556710826,0.07306525720480964,-0.05123821568327483
2023-09-18,0.12464436333720333,0.1251297777680255,0.1759402275722588,0.17281999070076115,-0.6684422628444934,2023,9,18,-0.6916138552959182,-0.7136724008635161,1587,0.10193700017425122,0.07289996577955259,-0.06468844662499076
2023-09-19,0.19381613829487576,0.1509481130108386,0.15851083973176264,0.11535486314083102,-0.3149259506236469,2023,9,19,0.7004590212757554,1.144337179039551,1588,0.1046601641577114,0.07256522926209201,0.06917177495767243
2023-09-20,0.12720633551121313,0.13730947543836,0.17077610176759175,0.1450452641698922,-0.02547261081261951,2023,9,20,-0.7103655876904901,-0.26793910221871525,1589,0.107391225684899,0.07203288520368245,-0.06660980278366263
2023-09-21,0.0023130152566283734,0.026297386601038898,0.011329672565660292,0.0764061386320929,0.4241083791219814,2023,9,21,-1.3375279894887389,-1.089029394489827,1590,0.11013019454773243,0.07130687091467465,-0.12489332025458476
2023-09-22,-0.009855984294889623,-0.0019313826726644612,0.01778489163116217,0.036180378668278806,-0.5720202143190491,2023,9,22,-0.1596947807091517,-0.6761359817566052,1591,0.1128770805381194,0.07043593341710053,-0.012168999551517996
2023-09-25,0.022167931330175757,-0.0168387590121757,0.02294926402897015,-0.028946960983604622,-1.166217259384117,2023,9,25,0.326043885246071,0.7502155698892421,1594,0.1211653391937606,0.0695192767878539,0.03202391562506538
2023-09-26,-0.018822641600730855,0.0008596972206887679,0.018753149928503066,-0.005960812524068373,-0.9868341295735437,2023,9,26,-0.4724026236293364,-0.1881733248390191,1595,0.123943991613511,0.0687006665517898,-0.04099057293090661
2023-09-27,0.03689890305570355,0.006188254013752889,0.04425168505882989,-0.005322416750611278,-0.5144664959792941,2023,9,27,0.5887572120879552,0.6188416970445114,1596,0.12673061012038733,0.06815727758948904,0.055721544656434405
2023-09-28,0.1009467343058343,0.07641147300245883,0.0752371809573177,0.02085619839253404,-0.05804440764948861,2023,9,28,0.6670446017548101,1.1724912856925214,1597,0.12952520450630178,0.06808250321459246,0.06404783125013075
2023-09-29,0.0913397062878482,0.0979793038027125,0.13527165615961154,0.13770237191874837,-0.7355173606671264,2023,9,29,-0.12810886560978046,-0.6855182942105457,1598,0.13232778456316918,0.06866692137545709,-0.009607028017986102
2023-10-02,0.07148479085477873,0.058015126268844926,0.08698605436190988,0.062358993172921484,-0.6725945713231747,2023,10,2,-0.2373366240546712,0.13087904951080848,1601,0.1407835366786232,0.07007713338521791,-0.01985491543306947
2023-10-03,-0.003451299163058185,0.01456173538298946,0.03682820705045574,0.04895048803387159,-1.0081232193556353,2023,10,3,-0.8280429157625149,-0.7699770201399994,1602,0.14361815733843653,0.07244222257525972,-0.07493609001783691
2023-10-04,0.02408928812932553,0.006949545738678822,0.02746796714532162,0.01255583443528546,-0.8853663455401937,2023,10,4,0.27602741882393905,0.1684118745882619,1603,0.14646081262877253,0.0758455667454329,0.027540587292383716
2023-10-05,0.0029536306314883925,-0.028257164323229875,-0.006745138608682822,0.01574830048039189,-0.7115564986262112,2023,10,5,-0.25619349342394987,-0.1881733248390191,1604,0.1493115123415425,0.080327307224674,-0.021135657497837138
2023-10-06,0.07788947598661015,0.03612980787241956,0.01972165417345352,-0.034054858895746776,-0.6914756625407851,2023,10,6,0.79455976112023,1.6416821577949605,1605,0.15217026626866037,0.08588730492130665,0.07493584535512177
2023-10-09,0.05675381848877302,0.014244490110348593,0.053289336593611014,0.03554198289482171,-0.975032383958931,2023,10,9,-0.2519762677566085,0.30917163514862445,1608,0.16079495125524357,0.09249376325419498,-0.021135657497837135
2023-10-10,0.13233027921875481,0.12049911211006521,0.11590575236996496,0.07385206772194093,-0.7098717505139593,2023,10,10,0.7862759138657782,0.8534389207265768,1609,0.16368601995889165,0.10009213170565817,0.0755764607299818
2023-10-11,0.1329706499308997,0.11637565053632641,0.1620612845507732,0.14728001523923473,-0.8420223713795324,2023,10,11,-0.01964344281199861,-0.2163274314919895,1610,0.16658519183645826,0.10861559781638166,0.0006403707121448721
2023-10-12,0.0887777341138384,0.10559173577055397,0.1191333615799502,0.12429386677969848,-0.5869191736349733,2023,10,12,-0.48941196944623566,-0.5259939087423022,1611,0.16949247667985556,0.11799242534652972,-0.04419291581706129
2023-10-13,-0.06942048721233872,0.058015126268844926,-0.06807070771734287,0.07832156922212334,0.4521364613530804,2023,10,13,-1.7088607348226459,-2.1681744651328763,1612,0.17240788428099663,0.1281557667317414,-0.1581982213261771
2023-10-16,0.00935831576331983,-0.02381670043473543,-0.018687565681018002,-0.052890825057407415,-0.2071275979260778,2023,10,16,0.8590878184760037,0.9144329039072431,1615,0.18120294155002448,0.13905331095807943,0.07877880297565855
2023-10-17,-0.0117773410940394,-0.00732358237908151,0.01907598489199701,-0.011707349479326775,-0.4716926133515665,2023,10,17,-0.25737583512718154,-0.000494832717805203,1616,0.18415093810128003,0.15065179769659837,-0.021135656857359228
2023-10-18,-0.10016341675039919,-0.07456503569226067,-0.054514599013819845,-0.04427089735118759,-0.6375977582641249,2023,10,18,-0.9996331520187756,-0.8168957517008507,1617,0.18710710636984818,0.16293077633040473,-0.0883860756563598
2023-10-19,-0.11809673136208167,-0.1335600505050239,-0.10131555517400642,-0.10045923336420355,-0.577865779738832,2023,10,19,-0.2301681063165195,-0.25386026595332595,1618,0.19007145614764553,0.17587706365001218,-0.017933314611682474
2023-10-20,-0.102725388924409,-0.12848533839477855,-0.09647426368730194,-0.11961427609701447,-0.7606949852335567,2023,10,20,0.14948664005147913,0.25286701587214117,1619,0.1930439972265816,0.18948466524542404,0.015371342437672672
2023-10-23,-0.0976014445763894,-0.08915516675913104,-0.0971196870211489,-0.13174598968915016,-0.9873872034487778,2023,10,23,0.031933464075219346,0.5062360337532362,1622,0.2020108661893687,0.20375729039961846,0.005123944348019591
2023-10-24,-0.023946585308272535,-0.06663560077530917,-0.02385193807882598,-0.06981111672087581,-0.45223292177217267,2023,10,24,0.8099598583311487,0.6751427410593034,1623,0.20501627039200354,0.21870794506143015,0.07365485926811687
2023-10-25,-0.14179460505616584,-0.11960416765990442,-0.10906211344795269,-0.0825812260864686,-0.5433284434376692,2023,10,25,-1.3296380937462156,-0.8638144832617022,1624,0.20802991485534772,0.23435332742791673,-0.1178480197478933
2023-10-26,-0.25259732365688975,-0.1950925428518524,-0.2365545425064459,-0.1566475693772195,0.049702892074981964,2023,10,26,-1.30496317235067,-1.3986958623562566,1625,0.2110518093713143,0.2507062460291035,-0.11080271860072391
2023-10-27,-0.21352810752513293,-0.20492496475758745,-0.19072184464360023,-0.21602837207384454,-0.4920457319601848,2023,10,27,0.44368582007842877,0.0464238988430462,1626,0.2140819637318172,0.2677672505083877,0.03906921613175682
2023-10-30,-0.11745636064993678,-0.15068765910595955,-0.11261255826696327,-0.1649481772426299,-0.13517694117253415,2023,10,30,1.1123808739986836,0.7032968383283907,1629,0.22322208379968078,0.2855184888520181,0.09607174687519615
2023-10-31,-0.08223010213871673,-0.11706693244936997,-0.10034729687666552,-0.11322934336829898,-0.38012059727048364,2023,10,31,0.37652383691498914,0.45931372693069356,1630,0.22628537545746674,0.3039302128422527,0.03522625851122005
2023-11-01,-0.047003599605259454,-0.0872521797703475,-0.054514599013819845,-0.08577369277007767,-0.33116930489783264,2023,11,1,0.3714068391069949,0.5719229654836601,1631,0.2293569759193561,0.32296535635693846,0.03522650253345728
2023-11-02,0.12272300653805356,0.0941733298251454,0.09653984793478701,0.048311848352252704,0.24977949364816376,2023,11,2,1.866071601077188,1.0880361444086422,1632,0.23243689497726638,0.34258511924391183,0.169726606143313
2023-11-03,0.20406378168772188,0.17600515652872575,0.18562330308641825,0.1485568067861489,-0.0795206916662748,2023,11,3,0.8288748868756031,0.8065201891657253,1633,0.23552514242310707,0.3627565339103007,0.08134077514966832
2023-11-06,0.2290423968060958,0.18552033316181996,0.23726579668091885,0.21368414643803235,0.4221853838019364,2023,11,6,0.22928921271139205,0.21533418141080465,1636,0.2448399530073626,0.3834532187158498,0.02497861511837393
2023-11-08,0.3161474863754507,0.3123912918330441,0.332159047564205,0.34776993146852453,1.2631639919965012,2023,11,8,0.8579012224025242,-0.47907517718145076,1638,0.25109164818828056,0.4046505861120496,0.0871050895693549
2023-11-09,0.3513737448866708,0.33649684185653944,0.3399053598905417,0.30052059909437606,0.6025044847859828,2023,11,9,0.32142306595147174,0.7314473603357866,1639,0.2542300715919046,0.42632544035946396,0.03522625851122008
2023-11-10,0.4493670925832539,0.42657510579182695,0.3967122258828503,0.34585425633182965,0.36989863052018074,2023,11,10,0.9304714737605604,1.5009295477579807,1640,0.25737689192685664,0.4484678126419981,0.09799334769658313
2023-11-13,0.49163865160116543,0.4468744401485788,0.44964581209265436,0.41992059962258055,-0.15779340825518776,2023,11,13,0.3741498122429719,1.0317351003938502,1643,0.2668678324388196,0.4710867124227184,0.04227155901791152
2023-11-14,0.5966770557822028,0.5667676990864197,0.5574495017524757,0.5303818404200794,0.6586287198789788,2023,11,14,0.9562649864621082,0.9472763744643965,1644,0.2700483384182224,0.4941977246305761,0.10503840418103733
2023-11-15,0.5889911399006513,0.563595731641427,0.6071554787522945,0.595508936163801,-0.03928244003577482,2023,11,15,-0.09606690789687397,-0.12248639310859533,1645,0.27323729028852295,0.5178078898813079,-0.007685915881551431
2023-11-16,0.6312626989185628,0.57945460147533,0.6065100554184475,0.5686919252471986,-0.17618098739951224,2023,11,16,0.3579091398256309,0.8909717551879133,1646,0.27643469784163166,0.5419054074163128,0.042271559017911464
2023-11-17,0.6325436850055677,0.57945460147533,0.6620255815567804,0.6089176852110126,-0.5753556752281538,2023,11,17,-0.014851336026994863,0.318553956986448,1647,0.2796405708694678,0.5664475239226624,0.0012809860870048873
2023-11-20,0.6523986004386372,0.633057658905207,0.6458872869771191,0.5897626424782018,0.4790669046625607,2023,11,20,0.15187922901907402,0.8909717551879133,1650,0.2893090807204546,0.5913593303876411,0.019854915433069498
2023-11-21,0.6588032855704686,0.6156130473551613,0.6542792692304437,0.6153026179397282,0.9558931645740829,2023,11,21,0.03081341727533338,0.6094557999449965,1651,0.29254891356632307,0.6165373000831972,0.006404685131831456
2023-11-22,0.6921081872825389,0.6625551663115886,0.723351150019909,0.6708523142711252,-0.37623206248614477,2023,11,22,0.27038251883690567,0.2810211225251115,1652,0.2957972608464843,0.6418521472156296,0.033304901712070234
2023-11-24,0.6889058443963842,0.6699137535966109,0.7304520390123987,0.6740450248628961,-1.0367639372639166,2023,11,24,-0.054618757240624025,0.1871800747578343,1654,0.30231953787734245,0.6671516121577907,-0.003202342886154619
2023-11-27,0.7363013471218374,0.7028368314416279,0.7446538176429097,0.6944771024122803,-0.32158836361300647,2023,11,27,0.3923380766193048,0.5813052779376006,1657,0.3121670564786685,0.6922659221785334,0.04739550272545312
2023-11-28,0.7459083751398236,0.702519586168987,0.7704749411435895,0.7270406502841412,-0.2062426797257031,2023,11,28,0.057393654628547175,0.24348470341820064,1658,0.3154666959947754,0.7170220201125249,0.009607028017986186
2023-11-29,0.7580776199945346,0.7456557317822017,0.7998467554108895,0.7596044420641638,0.052315102531857303,2023,11,29,0.07944645933410917,-0.05679945199428848,1659,0.31877491848857087,0.7412564745376263,0.012169244854711048
2023-11-30,0.7567966339075297,0.7228189205257389,0.7601464422955831,0.7672664102479553,0.8413898547429055,2023,11,30,-0.037454303776087945,-0.1881733248390191,1660,0.3220917337519724,0.7648345980462181,-0.0012809860870048873
2023-12-01,0.8189228636957955,0.7922808477895189,0.8066248094398853,0.7710972727050215,0.4493540743192099,2023,12,1,0.5121511576573259,0.6657604192214798,1661,0.3254171515768851,0.7876618920312842,0.06212622978826576
2023-12-05,0.8586326952024124,0.8427119377744032,0.9002914847364069,0.8566566899062892,1.3860229717581398,2023,12,5,0.3120256432236247,-0.009877145171745719,1665,0.33880504432998393,0.8096978292344521,0.03970983150661689
2023-12-06,0.972637756689291,0.9264467508324128,0.9428320550696657,0.8796428383658255,0.9320258996505151,2023,12,6,0.9347293089491727,1.3226333680907074,1666,0.34217362184118727,0.8309547957686348,0.11400506148687861
2023-12-07,1.0514165596649494,0.9908337236624166,1.0180365671998113,0.9626481852954438,0.9809686831943163,2023,12,7,0.6179806910832036,1.2569464269764006,1667,0.3455508606653872,0.8514883357465711,0.07877880297565842
2023-12-08,1.0975310763033979,1.0704453181045726,1.0816212406279748,1.0162824503983077,0.5074183223899504,2023,12,8,0.3432102211182071,1.1443407636851253,1668,0.34893677059450123,0.8713750213301618,0.046114516638448455
2023-12-11,1.1462073204531407,1.1173876793845308,1.1093791273164773,1.081409790050191,0.6388712192898435,2023,12,11,0.35918791692488644,0.9003576429035451,1671,0.35914662493045224,0.8906980358468273,0.04867624414974281
2023-12-12,1.1628598936405334,1.1196079116459552,1.1668316625902424,1.1155696932179375,0.3627256877998357,2023,12,12,0.10393791032399789,0.6423028457638413,1672,0.36256731719835233,0.9095404505095249,0.016652573187392772
2023-12-13,1.1148240202029354,1.110409737961971,1.1423013857572566,1.1567531681575154,1.5979864072344319,2023,12,13,-0.40063780931636783,-0.6667500846570903,1673,0.3659967295307318,0.9279826229567756,-0.048035873437598076
2023-12-14,1.1487692926271504,1.1059692734391222,1.0880767062866177,1.112057906693519,1.866559081048156,2023,12,14,0.24133907522817583,0.4874678241997808,1674,0.3694348717195082,0.9461021254169775,0.03394527242421508
2023-12-18,1.0994524331025475,1.0856699397167247,1.1345550734309198,1.112057906693519,0.48777994540471165,2023,12,18,-0.41197153808994186,-0.2350920563998705,1678,0.3832749348768294,0.9639734845170255,-0.04931685952460296
2023-12-19,1.1244310482209214,1.0989913320165623,1.1577940110554614,1.1037575427362702,0.33460400845138943,2023,12,19,0.17139349924938346,0.25286701587214117,1679,0.3867568732262825,0.9816615064645836,0.02497861511837396
2023-12-20,1.03220225960674,1.0723483050933562,1.0887221296204646,1.078855963048201,0.45987949560635905,2023,12,20,-0.7519185494828959,-0.7324406010330885,1680,0.3902476001836126,0.9992136004929961,-0.09222878861418149
2023-12-21,1.08215948920301,1.0393618266585174,1.1019556493081033,1.0628933869989992,-0.24520460702873956,2023,12,21,0.3759853573329007,0.23409880631868568,1681,0.39374712554073454,1.0166544122173118,0.049957229596270025
2023-12-22,1.0981714470155426,1.0694938246101808,1.1313272176277935,1.0922644681872509,-0.6953386708385747,2023,12,22,0.10096402825103926,0.03703800174353127,1682,0.3972554590895587,1.033989726504038,0.016011957812532618
2023-12-26,1.1154643909150803,1.0672735923487564,1.133522051511899,1.092902863960708,-0.5789549098316009,2023,12,26,0.11059270485478771,0.2810211225251115,1686,0.41137707104017807,1.0512145396682562,0.017292943899537727
2023-12-27,1.1987265228638984,1.145299203385593,1.1778055847720958,1.1114195109200617,-0.17658941118430058,2023,12,27,0.6301479404012368,1.2287923297073131,1687,0.4149295924262315,1.0683202368091247,0.08326213194881804
2023-12-28,1.1897598655580572,1.1516426542628713,1.2317074292792407,1.204002500531664,-0.7730923488676524,2023,12,28,-0.09560233058499008,-0.2632461536689578,1688,0.41849098075547,1.0852967304471346,-0.00896665730584112
2023-12-29,1.0892047897097015,1.1269028560176249,1.1326183108886285,1.1344056593795981,-0.10881658939598753,2023,12,29,-0.8046420906760693,-0.7136724008635161,1689,0.4220612458198092,1.1021517965391112,-0.10055507584835577
2024-01-02,0.8848922964077912,0.9854417662795304,0.9150741690266945,1.0303295952189766,1.6249508858593111,2024,1,2,-1.6480390662663522,-2.1775567775868168,1693,0.4364312692664427,1.118912844603632,-0.20431249330191026
2024-01-03,0.8765660098140948,0.8576193141139146,0.8763423601563386,0.8228161065793523,0.7589222855310623,2024,1,3,-0.09605394331249441,0.7502155698892421,1694,0.44004606488498865,1.1356220776329615,-0.008326286593696386
2024-01-04,0.8477444370751841,0.8633285167694416,0.9021634836570185,0.871980870182034,-0.21362834316729198,2024,1,4,-0.2681580801205302,-0.39462002651368844,1695,0.44366979599011813,1.152331420508546,-0.028821572738910728
2024-01-05,0.8336540800840384,0.8331965188177782,0.8692414711638489,0.8630418665431665,-0.42596616711297336,2024,1,5,-0.14548846370374155,-0.46968928008193583,1696,0.4473024723737433,1.169099405194974,-0.014090356991145692
2024-01-08,0.9252422539638377,0.8744296774422093,0.9099097959833552,0.8617648310880904,-0.14195847776579032,2024,1,8,0.7509803470372568,0.8909717551879133,1699,0.4582542711147326,1.1859881753483583,0.09158817387979934
2024-01-09,1.007864015200511,0.9619707068013168,0.9486418508013206,0.8879434462312358,-0.047774251227832125,2024,1,9,0.657886729387866,1.7167549866248992,1700,0.4619228265314801,1.2030643188485606,0.0826217612366732
2024-01-10,1.143004978207464,1.0932821293610353,1.0667740393091483,1.001596909804182,0.6728384640580727,2024,1,10,1.0688876606347575,2.0264250391369036,1701,0.46560037618629213,1.2204002460862908,0.1351409630069531
2024-01-11,1.2108957670781315,1.1567176086966473,1.1687681791849243,1.1746314193434122,0.5111707159126931,2024,1,11,0.5052602504086525,0.47808192710026587,1702,0.46928692987108267,1.2380752636403478,0.06789078887066746
2024-01-12,1.193602823178594,1.2398179318437295,1.2423587630907411,1.188039924482462,0.2965950699795258,2024,1,12,-0.1595046809023384,0.027655689289590755,1703,0.47298249737776565,1.2561697246488566,-0.017292943899537505
2024-01-16,1.2224243965579826,1.1814574069418937,1.237194390692933,1.1752698151168692,-0.2867106741578533,2024,1,16,0.19650988810994985,0.6376099065979669,1707,0.48785510146169475,1.2747663136629541,0.02882157337938862
2024-01-17,1.1884788794710524,1.1446647128403113,1.1571485877216143,1.1720773484332603,-0.24758707910667146,2024,1,17,-0.28698483332226954,0.18718008414171733,1708,0.49159588495654294,1.2939518431121726,-0.03394551708693028
2024-01-18,1.3012029548709259,1.2448928862775057,1.26721162829408,1.2391201193136767,0.10793731672271761,2024,1,18,0.8463960378553665,0.8534353360810023,1709,0.495345741024769,1.3138102550520727,0.1127240753998735
2024-01-19,1.3159341712591688,1.269315681573642,1.3333789807846637,1.2965854907817687,-0.21684468047250008,2024,1,19,0.08460573978039475,0.22471649386474518,1710,0.49910467945827897,1.3344142166899238,0.01473121638824293
2024-01-22,1.2800675420358039,1.2835885673678715,1.3165950169235459,1.3310647131518216,-0.42796574189266623,2024,1,22,-0.29555992051052254,-0.8075098546013358,1713,0.5104360868696842,1.3558132163551162,-0.03586662922336492
2024-01-23,1.265336325647561,1.2328399904211698,1.286900367692752,1.2710452714120803,-0.7880678876432244,2024,1,23,-0.1378824782755263,-0.14125460266205078,1714,0.5142314526834868,1.3780204497440416,-0.01473121638824293
2024-01-24,1.229469452401959,1.2066414933286014,1.2565605410757206,1.2391201193136767,-0.480175915714774,2024,1,24,-0.29886824751787355,-0.19755922193853404,1715,0.5180359498221438,1.4010125839128806,-0.035866873245602005
2024-01-25,1.3729367020026082,1.3102313526019014,1.2881914603080553,1.2569981265914116,-0.07814226139261421,2024,1,25,1.0732713144347161,1.6416857330566519,1716,0.5218495880775755,1.4247292125965068,0.14346724960064927
2024-01-26,1.3421935278018327,1.311182846096293,1.3901856008293627,1.3444732189293742,-0.8323137976619599,2024,1,26,-0.2539930329352988,-0.09433945574677378,1717,0.5256723772416887,1.4490703559856235,-0.030743174200775547
2024-01-29,1.4357037918284492,1.3781072958260079,1.407614742076718,1.3412805083376034,-0.5938623779763749,2024,1,29,0.6711159505017746,1.3226369527362818,1720,0.5371957481052734,1.4738936506610512,0.09351026402661655
2024-01-30,1.4267366458376556,1.4155344804728718,1.4502200760316566,1.4242860991753836,-0.4526073102415619,2024,1,30,-0.091780629125494,-0.02865251463246693,1721,0.5410552388232617,1.4990290576449086,-0.008967145990793624
2024-01-31,1.3261815699892998,1.3241872354470208,1.3614594558435194,1.3476654417048215,-0.4981891063897092,2024,1,31,-0.7615591915881219,-0.37585182634411607,1722,0.544923929409503,1.5243047012976751,-0.10055507584835577
2024-02-01,1.4196918340159166,1.3622484259921048,1.4095512586713996,1.3744829397992449,-0.882975364633412,2024,2,1,0.6737874332968108,0.600073487491056,1723,0.5488018296559076,1.5495765664479355,0.09351026402661677
2024-02-02,1.5055156928355513,1.451058194118245,1.4689405571329874,1.4293942403571849,-0.3606609056910898,2024,2,2,0.6021773214979812,1.0504961406561568,1724,0.5526889493543967,1.5747475452998363,0.08582385881963472
2024-02-05,1.5644395803781403,1.5614357924102842,1.555764660726443,1.5098452724684894,0.2721236782076252,2024,2,5,0.3966801505699078,0.7314473603357866,1727,0.5644057230814763,1.599761463737039,0.05892388754258904
2024-02-06,1.6592305858290468,1.6052064285687806,1.5935282106539266,1.5622025027547801,0.9855464331154854,2024,2,6,0.6451074208900744,1.3507874653597947,1728,0.5683298185074221,1.624581658927786,0.09479100545090646
2024-02-07,1.670759215308898,1.6825977907495122,1.5160641010179958,1.4686620407985707,1.743087465609335,2024,2,7,0.05359442636342637,2.8944340535849835,1729,0.572263182345015,1.649169936693206,0.011528629479851116
2024-02-08,1.7322450743850188,1.7555486884073948,1.7713720394005543,1.7454530513879538,-0.1074807032665757,2024,2,8,0.39895332136579326,-0.2726284755067814,1730,0.5762058243861725,1.6734821688048587,0.06148585907612092
2024-02-09,1.6874117878558126,1.6914787191608553,1.6742196835522334,1.7135278992895502,-0.17210525838047874,2024,2,9,-0.3323167094260417,-0.4603033923663039,1731,0.5801577544228058,1.697461116949657,-0.04483328652920626
2024-02-12,1.572766111634552,1.6496110699911426,1.6125712801256107,1.6860722486913289,-0.2830433689236081,2024,2,12,-0.8164704916384589,-1.7365128522300821,1734,0.5920693704246975,1.7210382025160686,-0.11464567622126065
2024-02-13,1.5644395803781403,1.5335245107327526,1.4818509952639913,1.4878168396232196,-0.0020648226469385084,2024,2,13,-0.08522567441453109,1.0551926738514887,1735,0.5960585503623719,1.744146171267207,-0.008326531256411585
2024-02-14,2.2151657809350094,2.145676499364985,1.9724550523648643,1.9159332461088703,3.9961998185383902,2024,2,14,4.583133466738469,4.2973280317731914,1736,0.6000570672550891,1.766720067892425,0.650726200556869
2024-02-15,2.3586327858729432,2.3147321095206776,2.2287312490447637,2.1968746822657885,1.4846913510999198,2024,2,15,0.8594574449074102,2.2704045752729094,1737,0.6040649308947676,1.7886955233514785,0.14346700493793385
2024-02-16,2.1677705222317933,2.252248123679457,2.2177573268629103,2.2958428485142677,0.13284265876595583,2024,2,16,-1.1723678140119052,-1.9804959730116622,1738,0.6080821510733179,1.810022886157203,-0.1908622636411499
2024-02-20,2.0518436152608124,2.0961969028744925,2.069930489124289,2.1477101625712685,0.11246401367078825,2024,2,20,-0.7488804776865513,-1.5019227978391656,1742,0.6242447930145127,1.8306595105722276,-0.11592690697098096
2024-02-21,2.0415962165306816,2.0372018874273747,2.073480933943299,2.02575584722475,-0.6619244999455797,2024,2,21,-0.0917318068586456,0.14026493722644034,1743,0.6283089427661297,1.8505766799134027,-0.010247398730130808
2024-02-22,2.143432033803327,2.178663219489,2.179025518638086,2.234546128049791,-0.5203120613990769,2024,2,22,0.6247043490726739,-1.436228696817593,1744,0.632382507808102,1.8697675067614148,0.10183581727264546
2024-02-23,2.154320047908318,2.131086609987291,2.1925816266960774,2.1649495301673847,-0.6154067326239592,2024,2,23,0.04183634650304002,-0.2538638412150173,1745,0.6364654979323383,1.888253563231285,0.010888014104990962
2024-02-26,2.1645679353234013,2.1012718573082685,2.165469409934563,2.1509023853467157,-0.5329987252140643,2024,2,26,0.03768774042855017,0.10272851811952946,1748,0.6487711167178007,1.9060587804991391,0.010247887415083312
2024-02-27,2.1895465504417753,2.1805662064777835,2.198585222043085,2.173888533806252,-0.7806056447419877,2024,2,27,0.12942625278002093,0.13087904012692542,1749,0.6528919050902511,1.9231901365298376,0.02497861511837396
2024-02-28,2.124217977767355,2.111421766175821,2.17321547631329,2.1713344628961,-0.9383763492741786,2024,2,28,-0.4317635251150666,-0.788738060402306,1750,0.6570221675045369,1.9396386511454313,-0.06532857267442038
2024-02-29,2.2375824238793736,2.176125742589289,2.2061377353996003,2.1553718868468983,-0.2957555592251448,2024,2,29,0.6863813158314586,1.1068043539620975,1751,0.6611619137525722,1.9553731029474817,0.11336444611201868
2024-03-01,2.3355755275537193,2.2896753083263213,2.2958666132395473,2.228799834364192,-0.3710331680589434,2024,3,1,0.5760230205993735,1.4633895533893786,1752,0.6653111536262717,1.9703410886664279,0.09799310367434577
2024-03-04,2.352868715475494,2.332176963394254,2.390759864768365,2.3845947323991443,-0.5864426792193869,2024,3,4,0.07794176799891156,-0.5729126309192705,1755,0.6778159329204945,1.9844722747809207,0.01729318792177459
2024-03-05,2.211322578651757,2.2503451366906737,2.1738611462402777,2.3137208557920026,-0.26545561969116077,2024,3,5,-0.8771949503204358,-1.6051461392926172,1756,0.6820032452159888,1.9976847078826174,-0.14154613682373673
2024-03-06,2.182501249935084,2.259226065102017,2.244869543624425,2.2715794213299962,-0.7782742256371543,2024,3,6,-0.20444205820109482,-1.4080781748101971,1757,0.6862001000967126,2.009890963961908,-0.0288213287166732
2024-03-07,2.2318183534819243,2.2011825437836454,2.22744040237707,2.2224149016354766,-0.7664809888513914,2024,3,7,0.2801199430843237,0.03704157700522263,1758,0.690406507354588,2.020996082281582,0.04931710354684027
2024-03-08,2.1863439635333832,2.322027538539409,2.2242125459284123,2.25689412400553,-0.550714106879258,2024,3,8,-0.3062091884858503,-1.1359516919284867,1759,0.6946224767815181,2.030897494079151,-0.04547438994854103
2024-03-11,2.107565404579962,2.1260116555535147,2.1157631869871345,2.1777193962633183,-0.7743006025643179,2024,3,11,-0.5155405657233384,-1.126558644305589,1762,0.7073278559958167,2.0394844617708947,-0.07877855895342112
2024-03-12,2.1620059631493915,2.1000033608647666,2.177089002043404,2.1336630177506,-0.9851153461458928,2024,3,12,0.3170683993945754,0.31855394760256495,1763,0.7115821720181259,2.046644845879815,0.05444055856942942
2024-03-13,2.15752263481671,2.176823633090038,2.2061377353996003,2.133024378068981,-0.9203376321126941,2024,3,13,-0.0543296334679161,0.2622529129716561,1764,0.7158460991690649,2.052267713246643,-0.004483328332681502
2024-03-14,2.1190940340598132,2.1000033608647666,2.139648040486273,2.154733247803782,-0.8631497934134786,2024,3,14,-0.2663544819882696,-0.6198277778345476,1765,0.7201196472405478,2.0562394738362197,-0.0384286007568968
2024-03-15,2.0178983428365975,2.0594042087729103,2.0667026333211624,2.0691740738721736,0.14215131752758978,2024,3,15,-0.6632398570507732,-0.8450462737082467,1766,0.7244028260244848,2.0584502089782073,-0.1011956912232157
2024-03-18,1.9942004697829911,2.0061186383048506,1.9304958802321328,2.0691740738721736,-0.33564494887280477,2024,3,18,-0.17859744985490736,-1.1922527359432786,1769,0.7373102445701711,2.0588110828619075,-0.023697873053606378
2024-03-19,2.082586789461588,2.017537044250259,1.964708985986137,1.965736405485009,-0.8377934834412033,2024,3,19,0.5442425883165336,1.6229211081487709,1770,0.7416320441230706,2.057272889662508,0.088386319678597
2024-03-20,2.182501249935084,2.129817629531082,2.129964964972114,2.0749203675577728,-0.9692378715122466,2024,3,20,0.6071168999163739,1.4821613382045253,1771,0.7459635233479958,2.0538273024520346,0.09991446047349584
2024-03-21,2.2856182973169714,2.2744509290377,2.2810191659731114,2.2351847670929077,-0.5692633537717279,2024,3,21,0.6144526520960302,0.6376099065979669,1772,0.750304692036857,2.048504221756596,0.10311704738188743
2024-03-22,2.2843375558926815,2.2249708485345,2.288120054965601,2.247955120366662,-1.1927562965665084,2024,3,22,-0.03415406571762896,0.4311632049232976,1773,0.754655559981571,2.0413711203827636,-0.0012807414242899107
2024-03-25,2.2318183534819243,2.262398033181364,2.3003853163558987,2.2600863467809766,-1.0744155049240907,2024,3,25,-0.3462603531784405,-0.5166044269972129,1776,0.7677664572699658,2.0325374416178192,-0.05251920241075725
2024-03-26,2.135746606606728,2.207843482257095,2.196454659885441,2.247955120366662,-0.8885826828454018,2024,3,26,-0.6175909430616271,-1.745898749329597,1777,0.7721562201572265,2.0221487341701643,-0.09607174687519615
2024-03-27,2.1485559775108687,2.1329895969760746,2.136420184037616,2.194320611355636,-0.8274297299021994,2024,3,27,0.05399326789324117,-0.769973435494425,1778,0.7765557312599052,2.0103782517270323,0.012809370904140582
2024-03-28,2.0768222303791863,2.072726085085455,2.1393249589296386,2.1266394453402655,-0.8048898422791937,2024,3,28,-0.4751594691047857,-0.8262816488003657,1779,0.7809650003699202,1.997416215558594,-0.07173374713168235
2024-04-01,2.0390342449971497,2.055598234795343,2.08155008123313,2.0691740738721736,-0.9087060630750766,2024,4,1,-0.26621592820888207,-0.5353762118123596,1783,0.7986998527215974,1.9834596633806798,-0.03778798538203665
2024-04-02,2.0761821043297566,2.0270524625725295,2.015060386319803,1.983614899940565,-0.5992399578094212,2024,4,2,0.2112641530640545,1.266328748814224,1784,0.8031580587469902,1.9686974316612358,0.03714785933260689
2024-04-03,2.0652936015398136,2.1234741780194497,2.116408856914122,2.0589577915085706,-0.25511739263870625,2024,4,3,-0.09547904826976115,-0.000494832717805203,1785,0.8076260815311995,1.9532983881149744,-0.010888502789943022
2024-04-04,1.9442432395462432,2.048620293372783,1.9834294670874681,2.0844980102397566,-0.48415804761646025,2024,4,4,-0.7965288025956853,-2.1494062555794207,1786,0.8121039308661393,1.9373932206420355,-0.12105036199357033
2024-04-05,2.08771073316913,2.0946109188348188,2.011832530516677,1.9631823352133597,-0.1140239926520387,2024,4,5,0.9094738282049296,1.7355303467017373,1787,0.8165916165437235,1.9210542160827362,0.14346749362288658
2024-04-08,1.9512885400529347,1.9972377098935072,1.9492158687927132,2.0500187878697034,-0.0011713956177140427,2024,4,8,-0.8903937183591911,-1.5394520476549276,1790,0.8301137895514747,1.9042966809882473,-0.13642219311619508
2024-04-09,1.9583338405596262,1.9109654193014323,1.9091932132546634,1.926787680976271,-0.7755428915763825,2024,4,9,0.019533892192550806,0.37486216090850566,1791,0.8346409185187715,1.8871309372954874,0.007045300506691499
2024-04-10,1.9077359949480184,1.8985955204959863,1.9224267329423022,1.9031633806514394,-0.8804482424650342,2024,4,10,-0.35543466307657784,-0.019266626916835058,1792,0.8391779327882825,1.8695901104202235,-0.05059784561160785
2024-04-11,2.0249436439837667,1.9782068726146116,1.9979538334428006,1.928703599382625,-0.7851748858343072,2024,4,11,0.7440439515377726,1.322629792829016,1793,0.8437248421519161,1.851722020692964,0.11720764903574832
2024-04-12,1.9673004978654673,1.9312647530238298,1.9840746438281742,1.9446661754318268,-0.9613927313127708,2024,4,12,-0.3961380066446831,0.24348112815650927,1794,0.8482816564015945,1.8335715647013382,-0.05764314611829935
2024-04-15,1.8468907512467574,1.985819304582453,1.8801439873577164,2.0295867096818165,-0.5775764795579403,2024,4,15,-0.8080231961402449,-2.768739200696163,1797,0.8620116263860007,1.8151704148091696,-0.12040974661870996
2024-04-16,1.8936453939346354,1.8602168423547307,1.8685243958944067,1.838674436773013,-0.7120415018706473,2024,4,16,0.2849381615053182,0.7220614632362717,1798,0.8666081580989715,1.796548264280314,0.04675464268787799
2024-04-17,1.7533809759050931,1.9182603636731022,1.7613663761615732,1.9414734654785586,-0.6397164566477144,2024,4,17,-0.9510403036756662,-2.843812038909985,1799,0.8712146436575541,1.777745784290157,-0.14026441802954226
2024-04-18,1.7123904029741865,1.7431787896019488,1.7355450060677524,1.766523768618957,-0.20892296081337647,2024,4,18,-0.3048091430302182,-0.8731967957156427,1800,0.8758310928536588,1.758827441163606,-0.04099057293090658
2024-04-19,1.5778895666571413,1.635021181247803,1.5896546849238127,1.695649892011815,0.017548027851750955,2024,4,19,-0.9482381161368019,-1.8022069532516547,1801,0.8804575154791996,1.7398796656107054,-0.13450083631704524
2024-04-22,1.5637994543287106,1.6185278208686182,1.5961103971755963,1.652870305046011,0.3338467226837611,2024,4,22,-0.12586066335952695,-1.379927652802801,1804,0.8943967218515745,1.7209975346575417,-0.014090112328430715
2024-04-23,1.680366487349121,1.6343866907025213,1.6697009810814132,1.6234987360414355,-0.5162448412088931,2024,4,23,0.799479864480292,0.7596050422504483,1805,0.8990631361139965,1.7022879300713083,0.1165670330204105
2024-04-24,1.5881374540722246,1.5760261658006856,1.5241332483078265,1.6317995878150078,0.3943189693189828,2024,4,24,-0.6629668968951467,-0.7136724008635161,1806,0.9037395727654207,1.6838691515289363,-0.09222903327689647
2024-04-25,1.5849348671638328,1.5804666303235344,1.5251015066051672,1.485582332462039,-0.19878043682446636,2024,4,25,-0.0489195881526443,1.3883167245594399,1807,0.9084260415977665,1.6658739925500279,-0.0032025869083918135
2024-04-26,1.5682827826613923,1.571585701912191,1.6103116826198254,1.6206255891986359,-0.5695611627814694,2024,4,26,-0.14376695343768184,-0.8403497405129149,1808,0.9131225524029434,1.6484389470781131,-0.01665208450244049
2024-04-29,1.4626037637459728,1.4770669728197003,1.5134819151418575,1.5264464881993103,-0.23644051331349003,2024,4,29,-0.7742927735597962,-1.0045706591764902,1811,0.9272724345746006,1.6316954517202664,-0.10567901891541953
2024-04-30,1.3902294012394307,1.4731971142396034,1.4405370005174971,1.4450372526574156,-0.01481104826387422,2024,4,30,-0.5511203822007273,-0.8685074224275766,1812,0.9320092111902447,1.6157670184170017,-0.07237436250654206
2024-05-01,1.4875823788643467,1.5246435823214093,1.4269808924595055,1.3693747986174436,-0.13738923667347092,2024,5,1,0.691559943770307,1.6698362550640478,1813,0.9367560787382869,1.6007631251888759,0.09735297762491602
2024-05-02,1.5375396084606168,1.5009186781603765,1.5409172128144757,1.5200615554705947,-0.3958364041559845,2024,5,2,0.33378682789076114,0.1871800747578343,1814,0.9415130470106439,1.5867716609991247,0.049957229596270025
2024-05-03,1.5798114121412434,1.583574713165998,1.6316143495972948,1.6123252252413873,-0.6231582757060876,2024,5,3,0.27491615350931836,-0.5494514728160577,1815,0.9462801257992277,1.573859576719153,0.04227180368062666
2024-05-06,1.7258403892531873,1.8043937943526056,1.7479393028061916,1.6860722486913289,0.1804325385226457,2024,5,6,1.004470956633297,0.5062360337532362,1818,0.9606421231814881,1.5620740398074544,0.14602897711194385
2024-05-07,1.656668614295515,1.7295399097059394,1.6813205725447231,1.7907867086254075,0.13154080795194303,2024,5,7,-0.4990733249176428,-2.046182904742086,1819,0.9654497419541199,1.5514399951987408,-0.06917177495767235
2024-05-09,1.496549036170188,1.4713575278406423,1.484433181785661,1.4185393183119632,0.43260019031403874,2024,5,9,-1.1373885981672793,1.0786538319547017,1821,0.9750954677186945,1.5419526627566946,-0.16011957812532684
2024-05-10,1.436343917877879,1.428855873407064,1.4618396681404977,1.483028261551887,-0.33669153482132486,2024,5,10,-0.4594788361704251,-0.7512088105865439,1822,0.9799335942944563,1.533580039539721,-0.06020511829230912
2024-05-13,1.3742174434268979,1.3758239052982926,1.3533903085536887,1.430671031904099,-0.3316968522865176,2024,5,13,-0.47957288949372034,-0.8919685805307894,1825,0.9945091462986335,1.5262764914313136,-0.06212647445098107
2024-05-14,1.3293841568976918,1.3146718164903959,1.3553268251483703,1.3572430843868053,-0.2909225444384829,2024,5,14,-0.3582229302861066,-0.46968928008193583,1826,0.999388087032032,1.5199935358315761,-0.04483328652920604
2024-05-15,1.412646533509225,1.3501960141484761,1.3856668977130113,1.3668207277072917,-0.5592569710444139,2024,5,15,0.5965808935396877,0.6094593845905709,1827,1.0042772557846211,1.5146862302558535,0.08326237661153324
2024-05-16,1.376139288911,1.392697669216409,1.436018298046677,1.428755600675566,-0.2516798257834045,2024,5,16,-0.2941574445168318,-0.8356603766087318,1828,1.0091766623483185,1.5103132092109282,-0.036507244598225075
2024-05-17,1.351800800482534,1.3489270336922672,1.4050325555550482,1.3987458798056953,-0.6107694209008416,2024,5,17,-0.20643301049949458,-0.7512088105865439,1829,1.0140863165150353,1.5068352930644708,-0.024338488428466087
2024-05-20,1.2864722278081133,1.3000819277470563,1.3266006808080584,1.3438345792477553,-0.5970616976238834,2024,5,20,-0.5125119304211974,-0.9013473083391556,1832,1.0288768625524431,1.5042129180820836,-0.0653285726744206
2024-05-21,1.242919682703197,1.2226905655663247,1.2946469259666982,1.2474204832709253,-0.5351089147688041,2024,5,21,-0.3555742380799751,-0.12248280846302091,1833,1.0338276050503756,1.5024021116218866,-0.04355254510491635
2024-05-22,1.339632044953253,1.3140373265794685,1.340479377236403,1.2914773489614646,-0.027165867753721117,2024,5,22,0.7124780776072325,0.6469958036974818,1834,1.0387886441108982,1.5013640258214358,0.09671236225005608
2024-05-23,1.2192218090091127,1.2956414632242075,1.2584970576704024,1.338726438065954,-0.2353854185361202,2024,5,23,-0.9250144302960305,-1.8115856904439038,1835,1.043759989525924,1.5010668005592744,-0.12041023594414035
2024-05-24,1.2614936126897394,1.2296685069888844,1.2823816645764006,1.225072974493008,-1.0636773629156975,2024,5,24,0.29845886974939395,0.4780855117458403,1836,1.048741651087365,1.5014847375685274,0.04227180368062666
2024-05-28,1.2140981099642862,1.2201530880322595,1.248813982156243,1.2780688438224148,-0.7375509707622182,2024,5,28,-0.38679803162950993,-0.9951883467225497,1840,1.06877165463556,1.5025943557661607,-0.04739550272545312
2024-05-29,1.3044055424197958,1.2680467004830784,1.2365489673590861,1.1759082108903263,-0.5014650054968656,2024,5,29,0.668435241952479,1.829364234561749,1841,1.073805043807786,1.504355083167948,0.09030743245550954
2024-05-30,1.2525269553838982,1.270901664978961,1.2888371302350432,1.2895619183714342,-0.8669532399093199,2024,5,30,-0.4168207931540052,-0.6010631529266665,1842,1.078848807877911,1.506706792983263,-0.05187858703589754
2024-05-31,1.2807076687257115,1.2214215844757612,1.2513961686779127,1.2518899854096104,-0.47300297299442906,2024,5,31,0.18842780937618464,0.36547626380899073,1843,1.083902956637849,1.5095764700150605,0.028180713341813268
2024-06-03,1.2313910538638237,1.2423554087434405,1.2381628949378836,1.2889232786898153,-0.6772318830462921,2024,6,3,-0.3996653228511546,-0.9013473083391556,1846,1.0991278089756662,1.5128851277335755,-0.049316614861887764
2024-06-04,1.2800675420358039,1.2569457821338417,1.2875460369742084,1.242950981770743,-0.8672340312613619,2024,6,4,0.34655795998079825,0.48747139946147217,1847,1.1042235944139875,1.51655133830536,0.048676488171980115
2024-06-05,1.361408072522757,1.3260902224358044,1.320468049467378,1.299139561053418,-0.28656602406740744,2024,6,5,0.5894616997869336,0.8534353360810023,1848,1.1093298135016898,1.520497301392794,0.08134053048695322
2024-06-06,1.558675510621169,1.542405439144096,1.5218741433427916,1.4594034740492345,0.254425314200131,2024,6,6,1.4383094871771154,1.3883238844667056,1849,1.1144464760306851,1.5246563768269272,0.19726743809841185
2024-06-07,1.5849348671638328,1.5436739355875977,1.5722255436764574,1.5519867075689984,-0.7614352533434856,2024,6,7,0.15989916669469476,0.41239141072426777,1850,1.1195735917928884,1.5289795850086858,0.02625935654266387
2024-06-10,1.5394609652597666,1.5424688397339175,1.4721679203953633,1.5762496475754488,-0.31588744828366944,2024,6,10,-0.3469867561179012,-0.6104490500261814,1853,1.1350177563978878,1.5334411740711968,-0.045473901904066194
2024-06-11,1.6028681817755153,1.536695994165038,1.5496320300312942,1.5328314209280256,-0.8628094402594884,2024,6,11,0.42535049886361365,0.9566586963022201,1854,1.1401867830120604,1.5380344286265326,0.06340721651574865
2024-06-12,1.8308787934342248,1.7904379115074862,1.7587841896399035,1.7058656871975968,0.13223853191762308,2024,6,12,1.5748570970426292,1.7542949809935016,1855,1.1453663118190098,1.5427621720554547,0.2280106116587095
2024-06-13,1.6842092009474208,1.7625266298299544,1.7097236359739316,1.8239891394485463,-0.49112677844441105,2024,6,13,-1.0062198477094608,-2.1306416306715397,1856,1.150556352610649,1.5476298502407602,-0.146669592486804
2024-06-14,1.6329707406014307,1.6255057622911782,1.6503348300530942,1.6803259550057295,-0.9598185979755658,2024,6,14,-0.3797294524586752,-0.7699805954016907,1857,1.155756915178892,1.5526366823008955,-0.05123846034599011
2024-06-17,1.6605113272533365,1.6147218468910511,1.683257089139405,1.6164756508089222,-0.690990659296349,2024,6,17,0.16575244659726882,0.5719158055763943,1860,1.1714218314623839,1.557776036474143,0.02754058665190584
2024-06-18,1.6502639285232055,1.6388271545910158,1.6871301223287685,1.6605320293216406,-1.1376105767912346,2024,6,18,-0.09739862371201449,-0.2257061593003556,1861,1.1766645790561805,1.5630135664394968,-0.01024739873013103
2024-06-20,1.6483425717240558,1.6331181942590196,1.676801870073903,1.654785736274544,-1.039690974388233,2024,6,20,-0.03970556168125697,-0.16940512466944674,1863,1.1871817962442064,1.5682826434558588,-0.0019213567991496205
2024-06-21,1.642578012641654,1.577929152789469,1.6445252809145803,1.6247760154046733,-0.1674594378285115,2024,6,21,-0.06642769013843944,0.1871800747578343,1864,1.19245628542226,1.5734869148206934,-0.00576455908240181
2024-06-24,1.6637139148022064,1.6400961356815793,1.6780927167415969,1.6113675096271207,-0.8850940630170014,2024,6,24,0.12076209189384997,0.6939109506127588,1867,1.2083433927955616,1.5784965872272507,0.02113590216055239
2024-06-25,1.717513857996776,1.748570746984835,1.7084327893062377,1.7409835492492687,-0.3377806649140937,2024,6,25,0.3463688672495854,-0.4227741331666588,1868,1.213660341172754,1.5831578323413404,0.05379994319456949
2024-06-26,1.6835685855725606,1.663566952836262,1.729735456283707,1.6822413862342627,-1.076261920784488,2024,6,26,-0.25875859156864744,-0.056803036639862886,1869,1.218987928829514,1.5873252398265687,-0.0339452724242153
2024-06-27,1.6509040552131131,1.6458050960135755,1.6987497137920784,1.6847954571444146,-1.1257918135189222,2024,6,27,-0.2516630048693267,-0.5729197908265363,1870,1.2243261655577573,1.59089294520553,-0.0326645303594475
2024-06-28,1.8007762346083092,1.768870081341587,1.7439367417279361,1.6739405350991932,-0.12809759556953648,2024,6,28,1.0149053602890237,1.7824455030008974,1871,1.2296750611493952,1.5938189945625898,0.14987217939519604
2024-07-01,1.6995805433850935,1.7257339357283723,1.6554992030964337,1.7626924189840698,-0.8034603590324345,2024,7,1,-0.7067913125637697,-1.0045706685603732,1874,1.2457857990238237,1.5961387737341133,-0.1011956912232157
2024-07-02,1.6720399567331876,1.6419991226703627,1.6219312740831353,1.7020348247405306,-0.7285571386680253,2024,7,2,-0.2156519208286474,-0.5166115869044786,1875,1.2511774279881829,1.5979628645025639,-0.02754058665190584
2024-07-03,1.7123904029741865,1.6978221700381335,1.7265076004805808,1.6643633789565278,-1.2773085288465418,2024,7,3,0.2526771275019383,0.6282240094984519,1876,1.2565797647755055,1.5994505661269487,0.04035044624099893
2024-07-05,1.6970185718515616,1.6520217463455638,1.719084123117738,1.68543360900971,-1.385421708211552,2024,7,5,-0.1317149456750464,0.09334263040389759,1878,1.2674166009867012,1.6007820647243352,-0.015371831122624968
2024-07-08,1.7091878160657947,1.6749853587816708,1.7426458950602421,1.7058656871975968,-1.3316544187099386,2024,7,8,0.05733629831793645,-0.02864535472520116,1881,1.283752408773572,1.602132012626702,0.012169244214233155
2024-07-09,1.7136711443984762,1.7067030984494767,1.7671759253000872,1.711612468061017,-1.2017416198318516,2024,7,9,0.00439604442423004,-0.04741714892423102,1882,1.289219198128869,1.603649906552898,0.004483328332681502
2024-07-10,1.5823728949898228,1.657223501958984,1.5896546849238127,1.7179974007897325,-0.701345904006503,2024,7,10,-0.9260349145234974,-2.064954698941116,1883,1.2946967638505296,1.6054440000925065,-0.13129824940865342
2024-07-11,1.8552167931777386,1.7932923919906616,1.6199947574884535,1.5909354320777365,0.32513368194161013,2024,7,11,1.8985516991734606,3.7999758931105165,1884,1.3001851157304625,1.607575147886987,0.27284389818791577
2024-07-12,1.7847642767957765,1.803125297909104,1.8304382569510387,1.7569461252984706,-0.6975254398529621,2024,7,12,-0.4945990395306815,0.32793985408596293,1885,1.3056842635605834,1.610056975959792,-0.07045251638196204
2024-07-15,1.7757976194899352,1.7682355907963052,1.7433560826613013,1.8176037195420098,-0.800575866052367,2024,7,15,-0.08685435956004812,-0.6949006066644863,1888,1.3222465806712105,1.612863486361831,-0.008966657305841341
2024-07-16,1.9045338967245788,1.9046219684241543,1.894991435269684,1.820796429495278,-0.45542373259083146,2024,7,16,0.8439337934969973,1.1443407636851253,1889,1.3277890102212204,1.6159414898385704,0.12873627723464365
2024-07-17,1.5407421960094865,1.7783854996638575,1.6009516886623008,1.838035797091394,0.42569953011688594,2024,7,17,-2.4191442846561646,-4.439070288478017,1890,1.3333422846809864,1.6192132202084955,-0.36379170071509237
2024-07-18,1.389589275190001,1.5202665190227374,1.4237530366563793,1.558371640297714,-0.07593847472052719,2024,7,18,-1.1028357174542922,-2.5435278741136127,1891,1.3389064138424223,1.6225845151325886,-0.1511529208194855
2024-07-19,1.4568392046635712,1.3996756106389687,1.442473517112179,1.4166238870834302,-0.8569894013262547,2024,7,19,0.46964441045134786,0.5250006586611173,1892,1.344481407497443,1.6259561634734276,0.06724992947357022
2024-07-22,1.4837396652660473,1.4846789207748345,1.5060584371334833,1.4645116152310358,-0.8060725694893098,2024,7,22,0.16895355291913253,0.21533776605637905,1895,1.3612716733431416,1.6292302119161788,0.026900460602476084
2024-07-23,1.470289190302094,1.5049782544972319,1.5186462875396654,1.4977140460541747,-1.1352110870556031,2024,7,23,-0.12340508363728941,-0.46969643998920163,1896,1.3668902228916355,1.6323212144408823,-0.01345047496395324
2024-07-24,1.3819033593084493,1.421877931984504,1.4218165200616975,1.4479103995002152,-0.6546919954232864,2024,7,24,-0.6660760016991739,-1.0327211811838861,1897,1.3725196858932796,1.6351635093647168,-0.08838583099364472
2024-07-25,1.3562841288152154,1.5221061054216984,1.3327333115032072,1.3668207277072917,-0.024204795314005746,2024,7,25,-0.21565117929593533,-0.2163274314919895,1898,1.3781600721399903,1.6377172318786903,-0.02561923049323389
2024-07-26,1.2704602699955807,1.3248217259923025,1.3185315335182277,1.373205660436007,-0.4681529405500677,2024,7,26,-0.6643521262033825,-1.5676025602784407,1899,1.3838113914236816,1.639966723972694,-0.08582385881963472
2024-07-29,1.229469452401959,1.2610687590605187,1.2888371302350432,1.2924350645757312,-0.5083486480363189,2024,7,29,-0.3374126516568057,-0.9811130857188518,1902,1.4008310454157726,1.6419231759568762,-0.040990817593621776
2024-07-30,1.1865575226719025,1.2303025128871046,1.2171830629239082,1.248697762634163,-0.5424520340661442,2024,7,30,-0.35525960455599614,-0.9670378340990369,1903,1.4065261947665197,1.6436091993182682,-0.04291192973005642
2024-07-31,1.2749435983282622,1.2564380934025585,1.28496385109807,1.2314581511298852,-0.3975041346105368,2024,7,31,0.6582877814626471,0.5813052779376006,1904,1.4122323261138154,1.6450635847504735,0.0883860756563597
2024-08-01,1.0539785318389594,1.2448928862775057,1.0977595352076361,1.2940314198716167,-0.33299019427168064,2024,8,1,-1.7013226375326735,-3.575757807225268,1905,1.4179494492495737,1.6463418212237668,-0.2209650664893028
2024-08-02,0.9239615125395481,0.9010727043654155,0.8460022875916977,0.9441317822442518,0.40614624142014477,2024,8,2,-1.0676371834835234,-0.33831540723720516,1906,1.4236775739657066,1.6475100063875938,-0.13001701929941134
2024-08-05,0.8912969815396227,0.8420776895526524,0.7156048376935723,0.6983079648693465,0.7813090142347726,2024,8,5,-0.2969614540063099,2.7959036419135233,1909,1.4409280555155002,1.6486356222676788,-0.03266453099992539
2024-08-06,1.3005628288214963,1.2969099596677092,1.080975817294128,1.1465371297020746,2.5914091931012395,2024,8,6,3.3937443624665216,2.2047212188041767,1910,1.4467002844722758,1.6497964259652336,0.40926584728187365
2024-08-07,1.3434747585515525,1.4605736130748699,1.4030960389603664,1.338726438065954,0.7328001809623089,2024,8,7,0.2969221599701217,0.008891064381709725,1911,1.4524835639689941,1.6510837316821738,0.0429119297300562
2024-08-08,1.5657208111278604,1.5091017160709708,1.432790442243551,1.4003422351015808,-0.09378999764731699,2024,8,8,1.6308194431829652,2.359552665106546,1912,1.4582779037975708,1.652597452440103,0.22224605257630792
2024-08-09,1.5356182523019448,1.5227401113199186,1.5489863601043063,1.5673106439365814,-0.860333371064209,2024,8,9,-0.23952760539933796,-0.5353762118123596,1913,1.4640833137499207,1.6544417703188075,-0.030102558825915615
2024-08-12,1.581732768940393,1.518299647431424,1.5664155013516614,1.5334700606096445,-1.0257620215611811,2024,8,12,0.3024469939287276,0.6376099065979669,1916,1.4815660622687359,1.656717718675624,0.04611451663844823
2024-08-13,1.6970185718515616,1.637558658147514,1.654207863242458,1.6075361599922338,-0.6304077978860804,2024,8,13,0.7871008978941736,1.2381782268068282,1917,1.4874158506353092,1.6595183384971397,0.11528580291116852
2024-08-14,1.752740361170711,1.6889412416267902,1.7336084894730706,1.724382333518448,-0.8972021264702054,2024,8,14,0.3568584158820404,0.33732575118547786,1918,1.493276758085221,1.6629229055786894,0.055721789319149506
2024-08-15,1.803978821516701,1.779019506196432,1.8420578490598798,1.782486344668159,-0.7802652915879974,2024,8,15,0.321763319038344,0.2341023909642601,1919,1.499148794410388,1.666993743209651,0.05123846034598989
2024-08-16,1.7597856616774026,1.7745790416735832,1.8075216617492404,1.78184770498654,-0.9643112596082374,2024,8,16,-0.32330382839889815,-0.40400233896762894,1920,1.505031969402724,1.671780589473146,-0.04419315983929839
2024-08-19,1.8968479814835053,1.8297680831431338,1.8101038482709102,1.7499225528881361,-0.7709055798532649,2024,8,19,0.9034353522052085,2.073343770697755,1923,1.5227484243018745,1.6773205902835429,0.13706231980610273
2024-08-20,1.8411261921643558,1.8462614435223184,1.9059653574515372,1.894862528877867,-1.0750791935743715,2024,8,20,-0.3934499955701186,-0.8731967863317596,1924,1.5286762518820183,1.6836337244197497,-0.055721789319149506
2024-08-21,1.852014694954299,1.8342085476659826,1.8917635794665577,1.8597451540040162,-1.156449123864596,2024,8,21,0.046230028806751776,-0.19755563729295963,1925,1.534615267088899,1.6907248591933395,0.010888502789943244
2024-08-22,1.8411261921643558,1.8234246322658556,1.8665878792997248,1.8488907191366155,-1.1324797529948312,2024,8,22,-0.09877157769076376,-0.1975627972002254,1926,1.540565479714429,1.6985782109351788,-0.010888502789943244
2024-08-23,1.9045338967245788,1.8446754594826449,1.845930881603712,1.8041952137644572,-0.8352067994708772,2024,8,23,0.3963327272559501,1.3883238844667056,1927,1.5465268995505221,1.7071483023860796,0.06340770456022304
2024-08-26,1.7962929056351495,1.8348430375769098,1.8304382569510387,1.8967784472842213,-1.0109736770203037,2024,8,26,-0.7382948741835856,-1.5582238324700746,1930,1.564478500241325,1.7163561035089046,-0.1082409910894293
2024-08-27,1.7930903187267577,1.758085681928753,1.8104269291820136,1.781209065304921,-1.3262938565345919,2024,8,27,-0.04790959296899796,0.09334263040389759,1931,1.570484846838811,1.7260912469174277,-0.0032025869083918135
2024-08-28,1.7476164168226915,1.7238309487395889,1.7600750363075974,1.78184770498654,-1.1360960052559779,2024,8,28,-0.33262548156126726,-0.5822985280187855,1932,1.57650244960643,1.7362215550616955,-0.045473901904066194
2024-08-29,1.7725950319410655,1.7701385777850887,1.8317291036187324,1.78184770498654,-1.1555471880065218,2024,8,29,0.1435408613975984,-0.2163274314919895,1933,1.5825313183360956,1.74660243508351,0.02497861511837396
2024-08-30,1.8295975626845047,1.7789561056066103,1.8272104011479124,1.8067492846746094,-0.8682806172098819,2024,8,30,0.35926295789319523,0.25286701587214117,1934,1.5885714628197194,1.7570803631694176,0.057002530743439195
2024-09-03,1.7501783889967013,1.791072402052768,1.7723402976978953,1.7863172064867223,-0.8362533854193973,2024,9,3,-0.5570807289351885,-0.6104490406422983,1938,1.6128449941320895,1.7675169279099638,-0.07941917368780338
2024-09-04,1.7290424874766268,1.732711877150932,1.778150340022691,1.7192741923366468,-1.2665874044958483,2024,9,4,-0.17003359173474727,0.06519210839650164,1939,1.6189416642642174,1.777807254694516,-0.021135901520074496
2024-09-05,1.7091878160657947,1.7282714132624377,1.7536198172420956,1.6911803898731301,-1.190424877461675,2024,9,5,-0.16194638790127214,0.18718008414171733,1940,1.6250496689017888,1.787893287621672,-0.01985467141083208
2024-09-06,1.6022280550856076,1.6902097380702918,1.612183681540437,1.6943726126485774,-0.9726924560252479,2024,9,6,-0.7599830847856772,-1.4268427997180781,1941,1.631169017836716,1.7977672133554605,-0.10695976098018711
2024-09-09,1.6163186560989904,1.637558658147514,1.6705402033850814,1.6828795387380606,-1.1977679967590151,2024,9,9,0.07261116963348133,-1.0514858154756503,1944,1.6495952283447703,1.8074512926072064,0.014090601013382775
2024-09-10,1.5644395803781403,1.5912505450893069,1.5418854711118166,1.6222219444945214,-0.22583851256669302,2024,9,10,-0.3895810820090064,-0.9201191025381854,1945,1.6557600523882554,1.8169790578366394,-0.05187907572085004
2024-09-11,1.6361733275098227,1.5760261658006856,1.5083180352848,1.5475172054303135,-0.6985294816572335,2024,9,11,0.4817788807899078,1.2287923297073131,1946,1.6619362696886677,1.8263917369419254,0.07173374713168235
2024-09-12,1.5067964349003191,1.5931535320780903,1.5554415791698082,1.6260528069515876,-0.5530455259840914,2024,9,12,-0.928169403011471,-1.8209715781595357,1947,1.6681238900379176,1.8357384865654844,-0.12937689260950358
2024-09-13,1.7879668637041684,1.7368348540776093,1.75491115645054,1.7754627722578245,0.6377480538816755,2024,9,13,1.9916718230561756,0.10272851811952946,1948,1.6743229232279173,1.8450636540148555,0.28117042880384924
2024-09-16,1.726480515302617,1.720658981294596,1.7613663761615732,1.7729087013476725,-0.9244559052759764,2024,9,16,-0.44092776941530015,-0.7605947076860589,1951,1.6929885977615688,1.854371054328691,-0.061486348401551316
2024-09-17,1.8071809197401405,1.7986848340206094,1.7787955174089285,1.7480071216596031,-0.7012608157180054,2024,9,17,0.5250732046046057,0.7877484043505786,1952,1.699233380233717,1.8636200152328453,0.08070040443752347
2024-09-18,1.853295436378589,1.8627543192544416,1.835731664696988,1.799087072582656,-0.9496250210135572,2024,9,18,0.28329174964607534,0.7126827354279056,1953,1.7054896245061828,1.872734693785322,0.046114516638448455
2024-09-19,1.9673004978654673,1.971863421102979,1.9885933469445256,1.9401966739316443,-0.4410097765193434,2024,9,19,0.7316594567805271,0.3091680598869331,1954,1.7117573403708803,1.8816194334305716,0.11400506148687839
2024-09-20,1.8814766384053547,1.882419647078619,1.9170037973074607,1.9299803909295392,-0.4602142032332445,2024,9,20,-0.5835006992566291,-0.7981239575018209,1955,1.7180365376197297,1.8901699390676663,-0.08582385946011262
2024-09-23,1.9307932532672425,1.8963750459110311,1.9382419466108598,1.9484970378888928,-1.2419543449758024,2024,9,23,0.299597779397065,-0.3477013043367201,1958,1.736943115590294,1.8982741725901164,0.049316614861887764
2024-09-24,2.1056440477808125,2.0384708685179382,2.079613564638448,2.005323769675366,-0.5770829674846544,2024,9,24,1.1173908296990804,1.3789379873671908,1959,1.7432683362948707,1.9058238531373553,0.17485079451357
2024-09-25,2.086429503059888,2.087315974463149,2.151267631949583,2.101737865652196,-0.8788570914701297,2024,9,25,-0.14761131392904792,-0.31955078232932416,1960,1.749605087343161,1.9127261761497807,-0.019214544720924653
2024-09-26,2.057608174343214,2.098099889863276,2.025388638574668,2.156010526528517,-0.6885996783895673,2024,9,26,-0.20894386954041144,-1.5394520476549276,1961,1.7559533785270833,1.9189111050755128,-0.028821328716673644
2024-09-27,1.997403056691383,2.0111935927386266,2.0621839308503427,2.0710895051007063,-1.3019586060242874,2024,9,27,-0.410004743300312,-1.1734809511281317,1962,1.7623132196385498,1.924333026322027,-0.06020511765183123
2024-09-30,1.9596150706688684,1.9249213021465519,1.9689046075458538,1.9619055430279428,-0.841545876963946,2024,9,30,-0.2701423661091012,-0.12248280846302091,1965,1.7814621404573474,1.9289777513750983,-0.03778798602251454
2024-10-01,1.9006906944413269,1.9280927855788372,1.9421149798002235,1.9906379851730782,-1.182800966812293,2024,10,1,-0.4094870249072905,-1.4080781748101971,1966,1.7878682791981237,1.9328711345027512,-0.05892437622754154
2024-10-02,1.8129454788225423,1.8354770441094843,1.8743344382192024,1.8833694549673503,-0.9834476156913404,2024,10,2,-0.6039532212308916,-1.1171727472060742,1967,1.7942860168260122,1.9360496414379136,-0.08774521561878457
2024-10-03,1.817428807155224,1.76569811326224,1.8168821488930469,1.7856785674436062,-1.0027711660091383,2024,10,3,0.003712411156204755,0.38424804862413753,1968,1.8007153631329302,1.9385498491624946,0.004483328332681724
2024-10-04,1.9032526666153367,1.8361115340204117,1.9020923242621737,1.8846467336920856,-1.0322117138292968,2024,10,4,0.5486650773140761,0.18718008414171733,1969,1.807156327910783,1.9404096984231354,0.08582385946011262
2024-10-07,1.923107338026169,1.9261897985900536,1.9350145833484842,1.8939048132636007,-0.6426349849431809,2024,10,7,0.10427177994143201,0.3420151150896609,1972,1.8265490309891277,1.9416705563197458,0.019854671410832303
2024-10-08,2.0243030286089065,2.007387134748352,2.0208699361038485,1.9574360415277605,-0.4323392799214412,2024,10,8,0.6366581593826031,0.8909717551879133,1973,1.833036567569879,1.942387235195274,0.10119569058273759
2024-10-09,2.1331846350731962,2.0670166401063974,2.0786453063411074,2.005323769675366,-0.47906976796430567,2024,10,9,0.6722171728541478,1.7824455030008974,1974,1.8395357715811382,1.94262431700299,0.10888160646428968
2024-10-10,2.1363867332966358,2.0847784969290837,2.139648040486273,2.1106768692910634,-0.6677530477076631,2024,10,10,-0.006258955313493399,0.2810175378795371,1975,1.8460466528148212,1.9424333570427592,0.003202098223439531
2024-10-11,2.6756693552152053,2.640473431660971,2.4598317455578305,2.3884255948562108,2.9278142505052247,2024,10,11,3.355913427405052,4.100260057906889,1976,1.8525692210628373,1.941846748099553,0.5392826219185696
2024-10-14,2.586002782156793,2.5884563582707676,2.6095950998911337,2.620840663183904,-0.6916798744331792,2024,10,14,-0.5338816729869374,-0.6292136749340624,1979,1.872207145812041,1.9408827350943767,-0.08966657305841252
2024-10-15,2.4745592041589717,2.4990120995993457,2.510828815818484,2.5652907229443453,-0.6826520070235872,2024,10,15,-0.6675396982917705,-1.4456145845332249,1980,1.87877656003654,1.939552742240249,-0.11144357799782112
2024-10-16,2.391297316872869,2.417180757542827,2.444339120905157,2.4478063975528355,-0.8919691967276049,2024,10,16,-0.5154162544794443,-0.9388837274460664,1981,1.885357710234941,1.9378621952686628,-0.08326188728610262
2024-10-17,2.2632016543726072,2.252248123679457,2.3016766555643433,2.2556168452807945,0.3822023970369291,2024,10,17,-0.7907026136832711,0.008891064381709725,1982,1.8919506061991607,1.9358080239157498,-0.12809566250026183
2024-10-18,2.215806395669391,2.231314783424485,2.262299177412531,2.2945655697895324,-0.7398143192362535,2024,10,18,-0.316241686454136,-1.2579325171503197,1983,1.8985552577211129,1.9333583259152782,-0.04739525870321604
2024-10-21,2.2990682829554943,2.232583279867987,2.310714061151515,2.25689412400553,-0.9906545937270845,2024,10,21,0.48766641149325596,0.5156147615616024,1986,1.9184398435524948,1.9304600086486248,0.08326188728610306
2024-10-22,2.2958661847320547,2.275719425481202,2.3384719478400173,2.2907347073324664,-1.0318968871618557,2024,10,22,-0.045803647522806454,-0.02864535472520116,1987,1.9250916152245088,1.9270550342195212,-0.003202098223439531
2024-10-23,2.258718325399448,2.216724410034084,2.298448799761217,2.2642367729870143,-1.2075276234496863,2024,10,23,-0.25212371447219883,-0.1834803856731447,1988,1.9317551914138251,1.9230982148546407,-0.03714785933260689
2024-10-24,2.165848676747691,2.1076153081855464,2.155140665138947,2.1333434540016287,-0.6518160112720686,2024,10,24,-0.5948779651848473,0.3795515248126887,1989,1.9384305819123542,1.9185636755020365,-0.09286964865175662
2024-10-25,2.117172677260663,2.122839688108522,2.1435210730301058,2.1496255937998017,-0.9490719471383229,2024,10,25,-0.3298487912232831,-0.5729126309192705,1990,1.9451177965120117,1.9134375724851906,-0.048675999487028054
2024-10-28,2.121656005593345,2.093659425340427,2.176443332116416,2.1457942441649145,-1.1546027080041987,2024,10,28,0.0018724347183077113,-0.450917495266789,1993,1.9652504828368853,1.9077141472488204,0.004483328332681946
2024-10-29,2.2190084938928307,2.195790585766405,2.195808989958453,2.1234467347484944,-0.7157428424202915,2024,10,29,0.5860273302154785,1.3038651585372518,1994,1.9719850917601915,1.9013833443484607,0.09735248829948562
2024-10-30,2.2330990955466916,2.2011825437836454,2.2635900240802247,2.211560466768076,-0.6708077172647258,2024,10,30,0.06057934092166235,0.21533060614911329,1995,1.9787315737441924,1.8944202447571994,0.01409060165386089
2024-10-31,1.7604262764117846,1.8786131890883446,1.6858392756610745,1.9095483133801547,3.502721780567894,2024,10,31,-2.9345034561245043,-2.2713942407085193,1996,1.9854899385808018,1.8867830096977838,-0.472672819134907
2024-11-01,1.8372834785660561,1.8253276192546393,1.83947566253821,1.873792298824685,0.9071120487784271,2024,11,1,0.49494932593618524,-0.6198349377418133,1997,1.9922601960619364,1.8784127925463376,0.0768572021542715
2024-11-04,1.8372834785660561,1.8297680831431338,1.8659427019134873,1.7978102810357417,-0.6749430080857076,2024,11,4,-0.026354741721657332,0.49685013665372135,2000,2.012642422291621,1.8692461801266613,0.0
2024-11-05,1.8949266246843555,1.837380031098268,1.9033831709298676,1.8488907191366155,-0.9025116356724536,2024,11,5,0.3582198553632411,0.5906875997754242,2001,2.0194603482699884,1.8592076623240141,0.05764314611829935
2024-11-06,1.9083766103228783,1.8551423719336617,1.7420647428073246,1.8428248623405479,0.30030491935801973,2024,11,6,0.06228963745647227,0.8768964941842152,2002,2.0262902158524465,1.8482024643861081,0.013449985638522843
2024-11-07,1.8295975626845047,1.9680574477597663,1.871106581770545,2.0117087024040816,0.12121108972833824,2024,11,7,-0.5440949429110685,-2.759360472887797,2003,2.0331320348309116,1.8361173656753285,-0.07877904763837362
2024-11-08,1.7597856616774026,1.7879004346077754,1.7946112236182368,1.8418671467262813,-0.2321860988886116,2024,11,8,-0.49287923902875463,-1.2860901896810983,2004,2.0399858149972943,1.822828981729325,-0.0698119010071021
2024-11-11,1.7348070465590286,1.7523767209624022,1.7807320340036101,1.7914253483070264,-0.01694676430516318,2024,11,11,-0.19580225238637736,-0.9107332054386705,2007,2.060619020543103,1.808223176474633,-0.02497861511837396
2024-11-12,1.7168737319473462,1.7320773872400048,1.7716946284164385,1.7480071216596031,-0.29284553975852795,2024,11,12,-0.1486712035560609,-0.5353762118123596,2008,2.067520743380303,1.7922015767543042,-0.01793331461168246
2024-11-13,1.7034237456683454,1.6940161960605664,1.729735456283707,1.7199128320182655,-0.6701014844701959,2024,11,13,-0.11845199422855311,-0.31954362242205836,2009,2.074434476364992,1.7747103840404237,-0.013449986279000736
2024-11-14,1.7213570602800279,1.736517851128499,1.74329156498723,1.6962885310549314,-0.4687655762272501,2024,11,14,0.09680397422576321,0.290403434979052,2010,2.081360229289082,1.7557981616309206,0.01793331461168246
2024-11-15,1.8372834785660561,1.7923408984962697,1.8078447433058753,1.7563074856168517,0.0935573959666286,2024,11,15,0.7666604437086872,1.1068043539620975,2011,2.088298011944487,1.7356496159136687,0.11592641828602823
2024-11-18,1.5862160972730748,1.6914787191608553,1.5522142159074326,1.7524766237982883,1.902313179874834,2024,11,18,-1.701387135056929,-2.5153773614900996,2014,2.1091836362177343,1.7145788688545656,-0.25106738129298134
2024-11-19,1.5734062376839817,1.536695994165038,1.5780350934605027,1.527085127880929,-0.05039497051355723,2024,11,19,-0.1166497421151568,0.6094522152994221,2015,2.116169635717542,1.6929878232524884,-0.012809859589093087
2024-11-20,1.6035087965098973,1.5830041072232452,1.6264499771994867,1.5768882872570678,-0.52965475547611,2024,11,20,0.18644809877876875,0.31855394760256495,2016,2.123167713908231,1.671323139490853,0.030102558825915615
2024-11-21,1.606070768683907,1.6172593244251166,1.6167673942260778,1.638184520543723,0.2362334381193509,2024,11,21,-0.008365795439650797,-0.5447621089118746,2017,2.1301778805817184,1.6500168350501883,0.0025619721740097745
2024-11-22,1.7258403892531873,1.6597609794930495,1.652271346647776,1.6222219444945214,-0.6813246297230252,2024,11,22,0.8141273447017621,1.4446249284814976,2018,2.137200145529918,1.629432773864308,0.1197696205692802
2024-11-25,1.848171492671047,1.7872664280752009,1.8123634457766955,1.7882326377152555,-0.4624350075630311,2024,11,25,0.8096536724599729,0.7971343014500935,2021,2.1583396279419222,1.6098523255464305,0.1223311034178598
2024-11-26,1.7290424874766268,1.7840944606302083,1.7807320340036101,1.8450593695017286,-0.7808098566343818,2024,11,26,-0.8193008871235975,-1.783435159052625,2022,2.165410383908105,1.5914675117692092,-0.11912900519442027
2024-11-27,1.7328856897598788,1.7333458836835065,1.7594298595668914,1.7537534153452023,-0.8435284340859394,2024,11,27,-0.00010872065161681116,-0.38523055415248214,2023,2.1724932871085665,1.5743806669446403,0.0038432022832519674
2024-11-29,1.754661717329383,1.716853007317029,1.79235162546692,1.7307672668856662,-1.3216480359826246,2024,11,29,0.12223364616359872,0.27163880068728796,2025,2.1866955743799883,1.558619665297503,0.021776027569504253
2024-12-02,1.8257548490862052,1.7802884866526412,1.7891242622045445,1.7454530513879538,-0.9620734376207514,2024,12,2,0.4564561328244698,1.0974184474786994,2028,2.2080903543420654,1.5441570818163604,0.07109313175682219
2024-12-03,1.7104685574900844,1.7682355907963052,1.7749224842195648,1.8176037195420098,-0.8611672362914853,2024,12,3,-0.7973986502882576,-1.6520612955917773,2029,2.215246346578396,1.530927001230981,-0.1152862915961208
2024-12-04,1.7674715769184761,1.714315530417318,1.7361906759947403,1.711612468061017,-0.47804870850233483,2024,12,4,0.3645146553265692,0.7408332480514185,2030,2.2224145545924037,1.518840606949369,0.0570030194283917
2024-12-05,1.3236200871407204,1.6908442286155736,1.3249867525837296,1.7454530513879538,4.6321241602826655,2024,12,5,-3.032304253406933,-6.25954704330363,2031,2.229594988176003,1.5077958617190708,-0.4438514897777557
2024-12-06,1.3787007724000575,1.3781072958260079,1.384375558504567,1.395553169852427,1.1514005250549453,2024,12,6,0.38630535941089456,-0.31016488522980923,2032,2.236787657121104,1.4976828830131046,0.05508068525933707
2024-12-09,1.3562841288152154,1.3191122810132445,1.3753381529173954,1.3348955756088878,0.4017471769048205,2024,12,9,-0.1921130880698133,0.25286701587214117,2035,2.2584391740445655,1.4883881234683112,-0.022416643584842078
2024-12-10,1.3063268985784677,1.2931039863244964,1.3482259361558806,1.3457500104762885,0.0673502031093776,2024,12,10,-0.3977267898368458,-0.6385995720335773,2036,2.265680882354819,1.4797975981136398,-0.049957230236747696
2024-12-11,1.0642261752318054,1.2255450454151458,1.0635464294536316,1.2710452714120803,4.101947543483168,2024,12,11,-1.847693055078338,-3.0877951503076817,2037,2.272934874986146,1.4718022942850277,-0.24210072334666233
2024-12-12,1.0789571469573331,1.152277144808153,1.129390701033112,1.1858051740516222,1.9393180765424265,2024,12,12,0.09131436798836472,-1.6192178250346239,2038,2.2802011617304547,1.4643016324638023,0.01473097172552773
2024-12-13,0.984166386169142,1.0710795663263235,1.031915510221297,1.1024805072811943,2.0798924379692587,2024,12,13,-0.7806953004031456,-1.783435159052625,2039,2.2874797523796655,1.4628721588233855,-0.09479076078819115
2024-12-16,1.0046616723143564,1.0101815645247767,1.056445540461142,1.0035125843023742,1.3385266891187972,2024,12,16,0.1407736571849564,-0.02864892998689252,2042,2.3093894456758344,1.4613108561965489,0.020495286145214453
2024-12-17,1.0546189025511041,0.9936884464691228,1.0054487167936292,0.9466856092462419,1.03332350710687,2024,12,17,0.37885683750417176,1.5384623822193173,2043,2.3167173498637785,1.4593473077965602,0.049957230236747696
2024-12-18,1.0674285174774822,1.1776511912751502,1.103569330939291,1.0724707864113237,2.0298094713595902,2024,12,18,0.07621830598414554,-0.12248639310859533,2044,2.3240576069161936,1.4568969537966496,0.01280961492637811
2024-12-19,1.0020997001403464,1.074251533771316,1.0474081348739703,1.1018418675995754,0.41948808505656343,2024,12,19,-0.5477668191062086,-1.5113015256475317,2045,2.331410226624987,1.4539962903793335,-0.0653288173371358
2024-12-20,1.0354046018524168,1.0158907671803037,1.0325609335551438,0.9891461196408959,0.29749700583759997,2024,12,20,0.24396644307031493,0.6329169580482095,2046,2.3387752187820787,1.4507275694444626,0.033304901712070345
2024-12-23,1.1084190904083888,1.0685423311157891,1.0977595352076361,1.039907238539463,-0.5775594619002408,2024,12,23,0.5611972680036481,0.956658686918337,2049,2.3609445278622667,1.4471784309130122,0.07301448855597203
2024-12-24,1.0981714470155426,1.053317709503637,1.1055060941271138,1.1095040796915288,-1.2762279075826228,2024,12,24,-0.10729870070422896,-0.2163274314919895,2050,2.368359107731676,1.4434269383145977,-0.010247643392846228
2024-12-26,1.0885644189975565,1.052683461281886,1.123580905301457,1.0858792915503737,-0.8698036975739885,2024,12,26,-0.10243536535027656,-0.009877145171745719,2052,2.383225541486004,1.4395383981467325,-0.009607028017986075
2024-12-27,1.0610238323456507,1.0076440869907115,1.04999032139564,1.0594454156611097,-0.7996398948788938,2024,12,27,-0.24498743901463013,-0.02489385421796633,2053,2.390677414954749,1.4355662082526697,-0.02754058665190584
2024-12-30,1.0379665740264266,1.0146220284132712,1.056445540461142,1.0162824503983077,-0.44009082300356966,2024,12,30,-0.21068380167185413,0.271638810071171,2056,2.413107779230268,1.4315538872852245,-0.023057258319224117
2024-12-31,1.009145000647038,0.9974944198123354,1.0596731503166585,1.0475692067232545,-0.7142367797138846,2024,12,31,-0.2581310239022982,-0.6104490500261814,2057,2.420609514584916,1.4275371144390234,-0.02882157337938862
2025-01-02,1.1916812223572069,1.142761725851528,1.133263980170085,1.1235509812425384,0.25677375096266386,2025,1,2,1.4525093798931876,0.9472763744643965,2059,2.435650464939905,1.4235454425568959,0.18253622171016892
2025-01-03,1.2826290255248614,1.258848769122625,1.2707620731130906,1.2193264375377495,0.4826576304371581,2025,1,3,0.6772388825540931,0.8722035456344578,2060,2.4431896995240754,1.4196037066033322,0.0909478031676545
2025-01-06,1.3927913734134405,1.393966165659911,1.4386004845683467,1.428755600675566,0.8593349747870426,2025,1,6,0.8071507584511193,-0.5916844157344173,2063,2.4658825584062463,1.415733303044615,0.11016234788857915
2025-01-07,1.3825439746833095,1.4884848947524016,1.432790442243551,1.5258078485176914,1.0607474624896363,2025,1,7,-0.10187703509732793,-2.1681708804873017,2064,2.4734719290499,1.4119526306179284,-0.01024739873013103
2025-01-08,1.3031248003550282,1.3514645112263324,1.314658500328864,1.3923609470769798,0.13970928364770957,2025,1,8,-0.6130817167894879,-1.3705417650871692,2065,2.4810738581882132,1.408277157888851,-0.07941917432828127
2025-01-10,1.3710153452034584,1.3463895561582018,1.3043297548877166,1.2710452714120803,0.6677246579193689,2025,1,10,0.48478330257305974,1.4070885093745866,2067,2.4963154311164617,1.4047200165651779,0.06789054484843016
2025-01-13,1.3537221572816835,1.3841337437541759,1.3727559663957256,1.3128671427636183,0.09178755956587918,2025,1,13,-0.15446063681225505,0.5390759196648153,2070,2.519272224016598,1.401292715766946,-0.01729318792177481
2025-01-14,1.298640983337394,1.359710949092394,1.3469350894881866,1.3770370100708942,0.24287883345101097,2025,1,14,-0.436066459413978,-1.2110245207584254,2071,2.5269497097530325,1.3980052121146667,-0.055081173944289574
2025-01-15,1.4382652746770288,1.3873057118335228,1.4366639679736648,1.3674593673889104,-0.01502376898511814,2025,1,15,1.0259912390647123,0.975423311826218,2072,2.5346398225275246,1.3948662129484621,0.13962429133963483
2025-01-16,1.5381802238354767,1.535427497721536,1.5418854711118166,1.4785587600517045,0.5217386813440911,2025,1,16,0.7022074272433058,0.8065201891657253,2073,2.542342572131978,1.3918834469308345,0.0999149491584479
2025-01-17,1.458760561462721,1.4999033000634558,1.5154189242772897,1.5456017742017802,0.36229173752849814,2025,1,17,-0.5922956540737659,-1.342398393603156,2074,2.5500579683583116,1.3890631140927931,-0.07941966237275566
2025-01-21,1.484379791315477,1.4466177302297505,1.490888400851163,1.4945213361009064,-0.12403888420820247,2025,1,21,0.15956843370410065,-0.2163274314919895,2078,2.581046215320719,1.3864095952894784,0.025619229852755998
2025-01-22,1.4895037350230187,1.4624766000636535,1.532848065524645,1.5194229157889758,-0.404285671203793,2025,1,22,0.010611024937855238,-0.5072256991888467,2079,2.5888249915351595,1.383925822278957,0.005123943707541656
2025-01-23,1.5202469092237942,1.4586706260860864,1.5160641010179958,1.4689811167312183,-0.6403716364691456,2025,1,23,0.19517470812757035,0.6845322134205096,2080,2.596616473122955,1.381613380541339,0.030743174200775547
2025-01-24,1.5368989937262347,1.518299647431424,1.5909460247777885,1.5385782017914458,-0.7250429923530757,2025,1,24,0.09279371719706847,-0.09433944636289072,2081,2.604420669876033,1.3794725545294346,0.01665208450244049
2025-01-27,1.5503489793647576,1.5246435823214093,1.5244563298644613,1.4715351876413703,-0.16819970593844036,2025,1,27,0.06951721110231798,1.0880325597630676,2084,2.6279096490460487,1.3775023023250488,0.013449985638522843
2025-01-28,1.5055156928355513,1.541453945649704,1.5110292565090797,1.5155920533319096,0.17929235545677827,2025,1,28,-0.3449520627109653,-0.2163274314919895,2085,2.6357648043793604,1.3757002624031065,-0.04483328652920626
2025-01-29,1.4209725754402063,1.439005298261909,1.4243987059378358,1.4817514700049728,0.5710473445284319,2025,1,29,-0.6333189128395702,-0.9576555122612133,2086,2.64363272383752,1.37406282726674,-0.08454311739534504
2025-01-30,1.410724688025123,1.3858465289734936,1.2694709798522559,1.2020868260334716,0.8819514418696962,2025,1,30,-0.10138278529943905,3.0023467683265013,2087,2.651513417212435,1.3725854572991365,-0.010247887415083312
2025-01-31,1.4273772605720376,1.4269528864182803,1.457514518046358,1.4364173255896984,-0.26171173499726774,2025,1,31,0.09585698768511672,-0.1975556466768427,2088,2.6594068942960227,1.3712631808800813,0.016652572546914657
2025-02-03,1.4555584632392815,1.4891193846633288,1.3829556758432002,1.3221257095129542,0.20494647443879507,2025,2,3,0.1796601754750407,1.8950475910304816,2091,2.683164125717952,1.370090767381241,0.028181202667243888
2025-02-04,1.6131160691905986,1.574123178811902,1.5451133269149426,1.4747278975946385,0.9278735911718338,2025,2,4,1.1179175597711437,1.9607345227609052,2092,2.69110883555536,1.3690626531677956,0.15755760595131707
2025-02-05,1.2755842137031224,1.3559049751148269,1.2746353522500637,1.3987458798056953,4.415366765544132,2025,2,5,-2.391245593963042,-1.8678867250748128,2093,2.6990663780610102,1.3681726782341472,-0.3375318554874762
